Date,Product,Open,High,Low,Close
1990-01-01,TCS Digital,549,573,527,552
1990-02-01,TCS Digital,538,579,518,547
1990-03-01,TCS Digital,545,555,518,529
1990-04-01,TCS Digital,581,611,571,587
1990-05-01,TCS Digital,535,558,508,547
1990-06-01,TCS Digital,525,551,504,528
1990-07-01,TCS Digital,592,626,579,597
1990-08-01,TCS Digital,537,586,515,563
1990-09-01,TCS Digital,537,584,514,518
1990-10-01,TCS Digital,534,557,506,516
1990-11-01,TCS Digital,535,549,521,543
1990-12-01,TCS Digital,526,549,514,540
1991-01-01,TCS Digital,566,591,546,590
1991-02-01,TCS Digital,582,604,553,585
1991-03-01,TCS Digital,635,660,623,635
1991-04-01,TCS Digital,595,612,581,601
1991-05-01,TCS Digital,614,648,587,628
1991-06-01,TCS Digital,543,575,526,561
1991-07-01,TCS Digital,620,657,602,635
1991-08-01,TCS Digital,576,586,552,574
1991-09-01,TCS Digital,617,639,588,630
1991-10-01,TCS Digital,568,602,557,587
1991-11-01,TCS Digital,568,602,548,598
1991-12-01,TCS Digital,617,653,588,610
1992-01-01,TCS Digital,655,683,631,683
1992-02-01,TCS Digital,623,664,602,619
1992-03-01,TCS Digital,621,646,591,639
1992-04-01,TCS Digital,599,631,575,584
1992-05-01,TCS Digital,669,719,648,702
1992-06-01,TCS Digital,613,630,590,620
1992-07-01,TCS Digital,634,665,619,642
1992-08-01,TCS Digital,586,608,558,578
1992-09-01,TCS Digital,564,589,549,571
1992-10-01,TCS Digital,637,658,615,630
1992-11-01,TCS Digital,644,693,617,618
1992-12-01,TCS Digital,560,581,549,563
1993-01-01,TCS Digital,675,711,649,674
1993-02-01,TCS Digital,663,691,641,683
1993-03-01,TCS Digital,651,695,626,689
1993-04-01,TCS Digital,632,659,613,659
1993-05-01,TCS Digital,595,628,581,627
1993-06-01,TCS Digital,687,707,677,690
1993-07-01,TCS Digital,705,735,684,709
1993-08-01,TCS Digital,630,658,608,640
1993-09-01,TCS Digital,647,691,623,630
1993-10-01,TCS Digital,686,718,672,711
1993-11-01,TCS Digital,648,669,632,646
1993-12-01,TCS Digital,624,670,594,644
1994-01-01,TCS Digital,680,701,667,683
1994-02-01,TCS Digital,722,767,709,743
1994-03-01,TCS Digital,631,669,602,602
1994-04-01,TCS Digital,634,682,609,651
1994-05-01,TCS Digital,639,674,612,640
1994-06-01,TCS Digital,665,698,647,661
1994-07-01,TCS Digital,622,661,599,633
1994-08-01,TCS Digital,693,737,680,737
1994-09-01,TCS Digital,698,710,683,689
1994-10-01,TCS Digital,685,729,675,702
1994-11-01,TCS Digital,686,719,660,660
1994-12-01,TCS Digital,709,747,683,713
1995-01-01,TCS Digital,662,700,638,649
1995-02-01,TCS Digital,668,701,648,696
1995-03-01,TCS Digital,752,770,728,768
1995-04-01,TCS Digital,652,701,626,674
1995-05-01,TCS Digital,677,706,662,670
1995-06-01,TCS Digital,713,749,697,740
1995-07-01,TCS Digital,683,710,656,657
1995-08-01,TCS Digital,655,700,630,677
1995-09-01,TCS Digital,761,794,747,757
1995-10-01,TCS Digital,682,704,654,655
1995-11-01,TCS Digital,773,815,759,779
1995-12-01,TCS Digital,667,690,646,658
1996-01-01,TCS Digital,744,791,722,760
1996-02-01,TCS Digital,756,769,729,755
1996-03-01,TCS Digital,803,824,782,804
1996-04-01,TCS Digital,753,797,729,791
1996-05-01,TCS Digital,714,733,695,702
1996-06-01,TCS Digital,702,726,687,718
1996-07-01,TCS Digital,761,799,737,763
1996-08-01,TCS Digital,730,745,702,713
1996-09-01,TCS Digital,765,803,737,775
1996-10-01,TCS Digital,771,794,747,748
1996-11-01,TCS Digital,809,821,790,821
1996-12-01,TCS Digital,764,799,746,754
1997-01-01,TCS Digital,777,815,750,759
1997-02-01,TCS Digital,789,831,777,787
1997-03-01,TCS Digital,713,738,685,686
1997-04-01,TCS Digital,833,861,821,834
1997-05-01,TCS Digital,797,818,786,803
1997-06-01,TCS Digital,780,818,767,782
1997-07-01,TCS Digital,725,764,697,744
1997-08-01,TCS Digital,802,838,788,825
1997-09-01,TCS Digital,767,802,739,759
1997-10-01,TCS Digital,723,743,710,711
1997-11-01,TCS Digital,812,862,791,823
1997-12-01,TCS Digital,825,848,812,843
1998-01-01,TCS Digital,743,764,730,761
1998-02-01,TCS Digital,760,805,731,803
1998-03-01,TCS Digital,861,896,851,854
1998-04-01,TCS Digital,835,865,816,850
1998-05-01,TCS Digital,752,778,740,766
1998-06-01,TCS Digital,810,846,780,838
1998-07-01,TCS Digital,857,900,843,862
1998-08-01,TCS Digital,813,843,797,810
1998-09-01,TCS Digital,874,889,861,871
1998-10-01,TCS Digital,759,801,738,759
1998-11-01,TCS Digital,856,877,845,876
1998-12-01,TCS Digital,787,822,776,791
1999-01-01,TCS Digital,854,901,836,886
1999-02-01,TCS Digital,783,798,754,760
1999-03-01,TCS Digital,870,881,855,872
1999-04-01,TCS Digital,789,832,767,785
1999-05-01,TCS Digital,851,866,831,853
1999-06-01,TCS Digital,799,814,786,798
1999-07-01,TCS Digital,836,857,812,838
1999-08-01,TCS Digital,780,798,766,780
1999-09-01,TCS Digital,845,883,830,876
1999-10-01,TCS Digital,870,890,840,857
1999-11-01,TCS Digital,775,786,750,766
1999-12-01,TCS Digital,862,902,841,882
2000-01-01,TCS Digital,852,893,832,838
2000-02-01,TCS Digital,813,857,791,847
2000-03-01,TCS Digital,874,913,861,880
2000-04-01,TCS Digital,853,887,841,859
2000-05-01,TCS Digital,907,922,887,915
2000-06-01,TCS Digital,872,920,849,901
2000-07-01,TCS Digital,804,834,779,801
2000-08-01,TCS Digital,941,959,925,956
2000-09-01,TCS Digital,936,986,926,983
2000-10-01,TCS Digital,824,848,794,843
2000-11-01,TCS Digital,832,854,805,853
2000-12-01,TCS Digital,812,856,790,848
2001-01-01,TCS Digital,900,934,885,927
2001-02-01,TCS Digital,928,943,901,913
2001-03-01,TCS Digital,852,882,832,857
2001-04-01,TCS Digital,962,1005,941,996
2001-05-01,TCS Digital,961,991,950,964
2001-06-01,TCS Digital,963,987,953,973
2001-07-01,TCS Digital,913,929,897,902
2001-08-01,TCS Digital,928,953,898,935
2001-09-01,TCS Digital,843,873,827,859
2001-10-01,TCS Digital,964,979,953,975
2001-11-01,TCS Digital,897,919,885,892
2001-12-01,TCS Digital,970,994,949,971
2002-01-01,TCS Digital,883,933,867,929
2002-02-01,TCS Digital,908,951,890,901
2002-03-01,TCS Digital,952,965,926,964
2002-04-01,TCS Digital,920,940,894,907
2002-05-01,TCS Digital,964,1003,954,959
2002-06-01,TCS Digital,1011,1032,984,1032
2002-07-01,TCS Digital,932,977,921,960
2002-08-01,TCS Digital,896,930,869,921
2002-09-01,TCS Digital,1015,1026,985,1018
2002-10-01,TCS Digital,961,981,933,978
2002-11-01,TCS Digital,1016,1038,991,1035
2002-12-01,TCS Digital,924,952,898,903
2003-01-01,TCS Digital,898,915,868,868
2003-02-01,TCS Digital,895,944,883,894
2003-03-01,TCS Digital,900,929,873,915
2003-04-01,TCS Digital,979,1000,952,994
2003-05-01,TCS Digital,1017,1031,990,1001
2003-06-01,TCS Digital,938,957,918,941
2003-07-01,TCS Digital,906,951,879,945
2003-08-01,TCS Digital,1014,1053,1002,1014
2003-09-01,TCS Digital,921,947,896,927
2003-10-01,TCS Digital,1048,1066,1021,1052
2003-11-01,TCS Digital,919,963,903,956
2003-12-01,TCS Digital,914,948,891,910
2004-01-01,TCS Digital,1016,1060,990,1013
2004-02-01,TCS Digital,1009,1041,979,1017
2004-03-01,TCS Digital,1043,1085,1025,1030
2004-04-01,TCS Digital,984,1028,965,983
2004-05-01,TCS Digital,923,934,897,904
2004-06-01,TCS Digital,982,994,968,970
2004-07-01,TCS Digital,942,974,917,951
2004-08-01,TCS Digital,998,1028,982,1025
2004-09-01,TCS Digital,1056,1086,1034,1086
2004-10-01,TCS Digital,1069,1109,1055,1080
2004-11-01,TCS Digital,950,982,939,959
2004-12-01,TCS Digital,1020,1068,1009,1046
2005-01-01,TCS Digital,1064,1075,1050,1051
2005-02-01,TCS Digital,1099,1134,1072,1092
2005-03-01,TCS Digital,1060,1102,1045,1062
2005-04-01,TCS Digital,1095,1144,1069,1085
2005-05-01,TCS Digital,1060,1110,1032,1037
2005-06-01,TCS Digital,1078,1094,1049,1072
2005-07-01,TCS Digital,1124,1163,1113,1122
2005-08-01,TCS Digital,1121,1152,1092,1131
2005-09-01,TCS Digital,1041,1085,1022,1080
2005-10-01,TCS Digital,1077,1089,1063,1072
2005-11-01,TCS Digital,1089,1131,1061,1125
2005-12-01,TCS Digital,1024,1047,1002,1035
2006-01-01,TCS Digital,1002,1013,979,983
2006-02-01,TCS Digital,1048,1058,1031,1035
2006-03-01,TCS Digital,1060,1089,1043,1052
2006-04-01,TCS Digital,1061,1111,1047,1062
2006-05-01,TCS Digital,983,1014,962,966
2006-06-01,TCS Digital,1109,1135,1083,1126
2006-07-01,TCS Digital,1019,1055,989,1021
2006-08-01,TCS Digital,1065,1090,1046,1048
2006-09-01,TCS Digital,1091,1113,1075,1083
2006-10-01,TCS Digital,1060,1080,1037,1069
2006-11-01,TCS Digital,1160,1170,1145,1148
2006-12-01,TCS Digital,1003,1040,990,996
2007-01-01,TCS Digital,1062,1089,1033,1077
2007-02-01,TCS Digital,1050,1064,1028,1034
2007-03-01,TCS Digital,1117,1138,1105,1128
2007-04-01,TCS Digital,1172,1190,1160,1177
2007-05-01,TCS Digital,1126,1166,1116,1159
2007-06-01,TCS Digital,1028,1067,1006,1008
2007-07-01,TCS Digital,1134,1152,1120,1138
2007-08-01,TCS Digital,1139,1152,1109,1137
2007-09-01,TCS Digital,1090,1137,1067,1071
2007-10-01,TCS Digital,1044,1069,1027,1050
2007-11-01,TCS Digital,1158,1176,1135,1163
2007-12-01,TCS Digital,1056,1082,1031,1063
2008-01-01,TCS Digital,1071,1093,1049,1085
2008-02-01,TCS Digital,1188,1206,1163,1179
2008-03-01,TCS Digital,1225,1235,1197,1227
2008-04-01,TCS Digital,1203,1223,1182,1189
2008-05-01,TCS Digital,1220,1246,1192,1233
2008-06-01,TCS Digital,1164,1191,1147,1185
2008-07-01,TCS Digital,1218,1240,1190,1233
2008-08-01,TCS Digital,1129,1141,1109,1117
2008-09-01,TCS Digital,1167,1181,1153,1170
2008-10-01,TCS Digital,1201,1249,1191,1198
2008-11-01,TCS Digital,1213,1243,1187,1223
2008-12-01,TCS Digital,1143,1175,1129,1131
2009-01-01,TCS Digital,1110,1152,1093,1128
2009-02-01,TCS Digital,1198,1230,1183,1191
2009-03-01,TCS Digital,1193,1233,1163,1187
2009-04-01,TCS Digital,1262,1294,1238,1267
2009-05-01,TCS Digital,1202,1220,1192,1206
2009-06-01,TCS Digital,1174,1218,1155,1201
2009-07-01,TCS Digital,1172,1217,1150,1160
2009-08-01,TCS Digital,1100,1145,1077,1130
2009-09-01,TCS Digital,1212,1227,1182,1182
2009-10-01,TCS Digital,1072,1121,1043,1121
2009-11-01,TCS Digital,1079,1115,1056,1068
2009-12-01,TCS Digital,1093,1128,1067,1078
2010-01-01,TCS Digital,1198,1209,1186,1205
2010-02-01,TCS Digital,1181,1191,1165,1189
2010-03-01,TCS Digital,1132,1181,1110,1132
2010-04-01,TCS Digital,1227,1277,1216,1217
2010-05-01,TCS Digital,1263,1279,1233,1277
2010-06-01,TCS Digital,1274,1291,1263,1279
2010-07-01,TCS Digital,1216,1240,1189,1225
2010-08-01,TCS Digital,1192,1207,1174,1207
2010-09-01,TCS Digital,1158,1200,1147,1160
2010-10-01,TCS Digital,1292,1340,1275,1326
2010-11-01,TCS Digital,1187,1225,1177,1202
2010-12-01,TCS Digital,1133,1152,1103,1124
2011-01-01,TCS Digital,1257,1267,1245,1258
2011-02-01,TCS Digital,1172,1222,1151,1191
2011-03-01,TCS Digital,1153,1169,1140,1154
2011-04-01,TCS Digital,1160,1197,1138,1171
2011-05-01,TCS Digital,1291,1304,1266,1290
2011-06-01,TCS Digital,1139,1181,1109,1119
2011-07-01,TCS Digital,1334,1353,1321,1344
2011-08-01,TCS Digital,1248,1264,1220,1255
2011-09-01,TCS Digital,1231,1273,1206,1249
2011-10-01,TCS Digital,1199,1209,1171,1192
2011-11-01,TCS Digital,1194,1223,1177,1206
2011-12-01,TCS Digital,1152,1166,1132,1163
2012-01-01,TCS Digital,1312,1354,1293,1302
2012-02-01,TCS Digital,1181,1197,1152,1169
2012-03-01,TCS Digital,1254,1289,1238,1265
2012-04-01,TCS Digital,1339,1357,1320,1328
2012-05-01,TCS Digital,1281,1292,1271,1285
2012-06-01,TCS Digital,1175,1202,1159,1171
2012-07-01,TCS Digital,1286,1331,1270,1317
2012-08-01,TCS Digital,1368,1417,1345,1398
2012-09-01,TCS Digital,1291,1325,1265,1304
2012-10-01,TCS Digital,1201,1243,1173,1240
2012-11-01,TCS Digital,1238,1253,1211,1223
2012-12-01,TCS Digital,1267,1310,1242,1278
2013-01-01,TCS Digital,1196,1234,1185,1195
2013-02-01,TCS Digital,1208,1241,1192,1200
2013-03-01,TCS Digital,1201,1240,1176,1216
2013-04-01,TCS Digital,1384,1434,1370,1380
2013-05-01,TCS Digital,1200,1224,1187,1223
2013-06-01,TCS Digital,1396,1446,1386,1441
2013-07-01,TCS Digital,1211,1257,1189,1237
2013-08-01,TCS Digital,1229,1270,1217,1240
2013-09-01,TCS Digital,1340,1373,1330,1336
2013-10-01,TCS Digital,1232,1275,1207,1270
2013-11-01,TCS Digital,1252,1291,1226,1283
2013-12-01,TCS Digital,1364,1414,1353,1379
2014-01-01,TCS Digital,1328,1369,1301,1349
2014-02-01,TCS Digital,1317,1340,1302,1310
2014-03-01,TCS Digital,1368,1394,1349,1376
2014-04-01,TCS Digital,1404,1422,1375,1387
2014-05-01,TCS Digital,1298,1312,1274,1308
2014-06-01,TCS Digital,1252,1286,1229,1237
2014-07-01,TCS Digital,1388,1405,1365,1401
2014-08-01,TCS Digital,1311,1326,1291,1293
2014-09-01,TCS Digital,1387,1405,1362,1400
2014-10-01,TCS Digital,1247,1283,1220,1253
2014-11-01,TCS Digital,1416,1441,1401,1416
2014-12-01,TCS Digital,1344,1363,1328,1332
2015-01-01,TCS Digital,1279,1294,1261,1289
2015-02-01,TCS Digital,1361,1378,1341,1375
2015-03-01,TCS Digital,1319,1343,1295,1317
2015-04-01,TCS Digital,1329,1342,1319,1325
2015-05-01,TCS Digital,1358,1398,1338,1346
2015-06-01,TCS Digital,1289,1315,1276,1291
2015-07-01,TCS Digital,1400,1413,1375,1390
2015-08-01,TCS Digital,1287,1328,1277,1291
2015-09-01,TCS Digital,1406,1453,1378,1437
2015-10-01,TCS Digital,1259,1276,1249,1258
2015-11-01,TCS Digital,1464,1475,1452,1453
2015-12-01,TCS Digital,1406,1430,1396,1411
2016-01-01,TCS Digital,1457,1492,1434,1450
2016-02-01,TCS Digital,1323,1363,1310,1339
2016-03-01,TCS Digital,1425,1473,1403,1439
2016-04-01,TCS Digital,1355,1382,1339,1360
2016-05-01,TCS Digital,1357,1384,1330,1336
2016-06-01,TCS Digital,1384,1429,1357,1380
2016-07-01,TCS Digital,1452,1493,1434,1467
2016-08-01,TCS Digital,1427,1465,1409,1435
2016-09-01,TCS Digital,1463,1486,1439,1451
2016-10-01,TCS Digital,1393,1407,1378,1379
2016-11-01,TCS Digital,1420,1464,1396,1426
2016-12-01,TCS Digital,1469,1481,1441,1442
2017-01-01,TCS Digital,1390,1430,1364,1427
2017-02-01,TCS Digital,1479,1529,1450,1491
2017-03-01,TCS Digital,1479,1505,1461,1467
2017-04-01,TCS Digital,1504,1528,1474,1494
2017-05-01,TCS Digital,1386,1434,1362,1426
2017-06-01,TCS Digital,1347,1388,1318,1383
2017-07-01,TCS Digital,1375,1420,1355,1376
2017-08-01,TCS Digital,1326,1353,1301,1324
2017-09-01,TCS Digital,1369,1392,1345,1387
2017-10-01,TCS Digital,1317,1333,1304,1305
2017-11-01,TCS Digital,1460,1501,1430,1452
2017-12-01,TCS Digital,1425,1461,1399,1457
2018-01-01,TCS Digital,1551,1586,1521,1548
2018-02-01,TCS Digital,1549,1583,1532,1577
2018-03-01,TCS Digital,1400,1422,1373,1405
2018-04-01,TCS Digital,1417,1439,1393,1421
2018-05-01,TCS Digital,1344,1370,1334,1363
2018-06-01,TCS Digital,1571,1583,1558,1581
2018-07-01,TCS Digital,1460,1497,1439,1469
2018-08-01,TCS Digital,1452,1493,1426,1451
2018-09-01,TCS Digital,1455,1476,1431,1438
2018-10-01,TCS Digital,1343,1383,1317,1328
2018-11-01,TCS Digital,1497,1546,1477,1539
2018-12-01,TCS Digital,1576,1621,1552,1613
2019-01-01,TCS Digital,1533,1550,1521,1526
2019-02-01,TCS Digital,1389,1409,1359,1367
2019-03-01,TCS Digital,1601,1611,1586,1604
2019-04-01,TCS Digital,1516,1526,1505,1523
2019-05-01,TCS Digital,1538,1559,1516,1555
2019-06-01,TCS Digital,1607,1625,1583,1588
2019-07-01,TCS Digital,1615,1652,1599,1629
2019-08-01,TCS Digital,1525,1548,1506,1510
2019-09-01,TCS Digital,1517,1533,1500,1526
2019-10-01,TCS Digital,1600,1631,1578,1609
2019-11-01,TCS Digital,1596,1611,1569,1574
2019-12-01,TCS Digital,1383,1407,1365,1368
2020-01-01,TCS Digital,1602,1636,1592,1630
2020-02-01,TCS Digital,1470,1513,1440,1510
2020-03-01,TCS Digital,1627,1655,1612,1628
2020-04-01,TCS Digital,1511,1547,1500,1546
2020-05-01,TCS Digital,1500,1519,1474,1519
2020-06-01,TCS Digital,1484,1522,1457,1465
2020-07-01,TCS Digital,1452,1500,1432,1434
2020-08-01,TCS Digital,1599,1621,1572,1575
2020-09-01,TCS Digital,1458,1507,1433,1442
2020-10-01,TCS Digital,1643,1658,1622,1645
2020-11-01,TCS Digital,1420,1431,1390,1391
2020-12-01,TCS Digital,1472,1496,1453,1454
2021-01-01,TCS Digital,1598,1642,1577,1618
2021-02-01,TCS Digital,1495,1516,1473,1502
2021-03-01,TCS Digital,1589,1603,1566,1585
2021-04-01,TCS Digital,1451,1489,1436,1459
2021-05-01,TCS Digital,1507,1539,1486,1531
2021-06-01,TCS Digital,1562,1606,1550,1555
2021-07-01,TCS Digital,1609,1620,1592,1605
2021-08-01,TCS Digital,1536,1577,1508,1548
2021-09-01,TCS Digital,1560,1578,1535,1535
2021-10-01,TCS Digital,1488,1537,1477,1485
2021-11-01,TCS Digital,1570,1611,1540,1609
2021-12-01,TCS Digital,1652,1669,1633,1669
2022-01-01,TCS Digital,1503,1523,1489,1499
2022-02-01,TCS Digital,1652,1670,1642,1648
2022-03-01,TCS Digital,1490,1503,1469,1495
2022-04-01,TCS Digital,1460,1481,1447,1457
2022-05-01,TCS Digital,1513,1533,1503,1522
2022-06-01,TCS Digital,1645,1690,1635,1670
2022-07-01,TCS Digital,1486,1507,1464,1488
2022-08-01,TCS Digital,1601,1630,1583,1626
2022-09-01,TCS Digital,1591,1611,1571,1583
2022-10-01,TCS Digital,1692,1732,1667,1712
2022-11-01,TCS Digital,1715,1755,1704,1716
2022-12-01,TCS Digital,1539,1560,1509,1517
2023-01-01,TCS Digital,1749,1766,1727,1742
2023-02-01,TCS Digital,1754,1794,1724,1734
2023-03-01,TCS Digital,1588,1619,1564,1598
2023-04-01,TCS Digital,1724,1771,1713,1721
2023-05-01,TCS Digital,1519,1537,1503,1535
2023-06-01,TCS Digital,1516,1558,1491,1521
2023-07-01,TCS Digital,1708,1721,1693,1719
2023-08-01,TCS Digital,1492,1520,1471,1500
2023-09-01,TCS Digital,1642,1686,1613,1671
2023-10-01,TCS Digital,1628,1667,1599,1604
2023-11-01,TCS Digital,1660,1693,1641,1661
2023-12-01,TCS Digital,1506,1546,1478,1526
2024-01-01,TCS Digital,1750,1794,1729,1784
2024-02-01,TCS Digital,1636,1670,1617,1644
2024-03-01,TCS Digital,1716,1743,1690,1727
2024-04-01,TCS Digital,1565,1582,1554,1576
2024-05-01,TCS Digital,1550,1593,1530,1565
2024-06-01,TCS Digital,1753,1763,1724,1733
2024-07-01,TCS Digital,1555,1579,1535,1557
2024-08-01,TCS Digital,1681,1730,1660,1678
2024-09-01,TCS Digital,1619,1637,1595,1636
2024-10-01,TCS Digital,1666,1686,1642,1642
2024-11-01,TCS Digital,1674,1685,1659,1667
2024-12-01,TCS Digital,1729,1742,1716,1729
2025-01-01,TCS Digital,1628,1641,1613,1622
2025-02-01,TCS Digital,1616,1659,1604,1634
2025-03-01,TCS Digital,1735,1765,1717,1754
2025-04-01,TCS Digital,1656,1675,1635,1640
2025-05-01,TCS Digital,1625,1640,1597,1607
2025-06-01,TCS Digital,1711,1738,1687,1733
2025-07-01,TCS Digital,1593,1635,1567,1584
2025-08-01,TCS Digital,1803,1828,1775,1777
2025-09-01,TCS Digital,1640,1653,1619,1630
2025-10-01,TCS Digital,1587,1607,1565,1596
2025-11-01,TCS Digital,1697,1720,1668,1702
2025-12-01,TCS Digital,1807,1819,1792,1806
2026-01-01,TCS Digital,1682,1722,1664,1676
2026-02-01,TCS Digital,1811,1851,1792,1792
2026-03-01,TCS Digital,1821,1871,1800,1862
2026-04-01,TCS Digital,1747,1763,1722,1742
2026-05-01,TCS Digital,1833,1849,1814,1815
2026-06-01,TCS Digital,1811,1822,1792,1822
2026-07-01,TCS Digital,1740,1758,1720,1751
2026-08-01,TCS Digital,1844,1883,1824,1836
2026-09-01,TCS Digital,1613,1628,1588,1594
2026-10-01,TCS Digital,1617,1656,1594,1638
2026-11-01,TCS Digital,1687,1715,1676,1679
2026-12-01,TCS Digital,1666,1683,1639,1646
2027-01-01,TCS Digital,1814,1841,1793,1825
2027-02-01,TCS Digital,1623,1637,1612,1630
2027-03-01,TCS Digital,1641,1669,1618,1657
2027-04-01,TCS Digital,1788,1808,1763,1799
2027-05-01,TCS Digital,1770,1795,1748,1791
2027-06-01,TCS Digital,1749,1762,1720,1731
2027-07-01,TCS Digital,1662,1698,1648,1662
2027-08-01,TCS Digital,1750,1767,1729,1748
2027-09-01,TCS Digital,1857,1896,1839,1845
2027-10-01,TCS Digital,1713,1724,1690,1721
2027-11-01,TCS Digital,1771,1799,1754,1785
2027-12-01,TCS Digital,1718,1740,1705,1726
2028-01-01,TCS Digital,1713,1756,1702,1717
2028-02-01,TCS Digital,1655,1682,1631,1677
2028-03-01,TCS Digital,1648,1696,1626,1666
2028-04-01,TCS Digital,1700,1747,1672,1711
2028-05-01,TCS Digital,1719,1742,1700,1733
2028-06-01,TCS Digital,1802,1837,1786,1787
2028-07-01,TCS Digital,1781,1830,1763,1818
2028-08-01,TCS Digital,1770,1798,1756,1780
2028-09-01,TCS Digital,1694,1744,1673,1741
2028-10-01,TCS Digital,1785,1823,1761,1764
2028-11-01,TCS Digital,1786,1804,1757,1796
2028-12-01,TCS Digital,1764,1776,1743,1751
2029-01-01,TCS Digital,1825,1850,1813,1828
2029-02-01,TCS Digital,1693,1743,1667,1682
2029-03-01,TCS Digital,1739,1763,1709,1733
2029-04-01,TCS Digital,1708,1726,1685,1707
2029-05-01,TCS Digital,1916,1963,1891,1942
2029-06-01,TCS Digital,1715,1734,1685,1729
2029-07-01,TCS Digital,1867,1881,1841,1867
2029-08-01,TCS Digital,1918,1932,1899,1904
2029-09-01,TCS Digital,1961,1981,1939,1946
2029-10-01,TCS Digital,1933,1976,1908,1975
2029-11-01,TCS Digital,1684,1722,1671,1690
2029-12-01,TCS Digital,1698,1716,1682,1711
2030-01-01,TCS Digital,1781,1804,1760,1763
2030-02-01,TCS Digital,1741,1756,1712,1714
2030-03-01,TCS Digital,1736,1759,1710,1721
2030-04-01,TCS Digital,1768,1779,1740,1753
2030-05-01,TCS Digital,1761,1789,1751,1769
2030-06-01,TCS Digital,1709,1725,1698,1704
2030-07-01,TCS Digital,1788,1818,1775,1808
2030-08-01,TCS Digital,1996,2013,1986,2005
2030-09-01,TCS Digital,1812,1847,1799,1815
2030-10-01,TCS Digital,1763,1801,1738,1756
2030-11-01,TCS Digital,1899,1923,1876,1904
2030-12-01,TCS Digital,1712,1761,1702,1757
1990-01-01,TCS Cloud,549,580,521,530
1990-02-01,TCS Cloud,586,614,573,614
1990-03-01,TCS Cloud,531,578,502,530
1990-04-01,TCS Cloud,600,642,583,625
1990-05-01,TCS Cloud,581,623,556,622
1990-06-01,TCS Cloud,520,535,493,523
1990-07-01,TCS Cloud,581,631,558,569
1990-08-01,TCS Cloud,565,612,544,584
1990-09-01,TCS Cloud,551,561,534,534
1990-10-01,TCS Cloud,584,629,571,586
1990-11-01,TCS Cloud,575,605,555,571
1990-12-01,TCS Cloud,577,614,561,601
1991-01-01,TCS Cloud,627,655,603,647
1991-02-01,TCS Cloud,551,592,540,583
1991-03-01,TCS Cloud,622,650,607,641
1991-04-01,TCS Cloud,588,600,573,590
1991-05-01,TCS Cloud,621,642,606,626
1991-06-01,TCS Cloud,566,611,550,598
1991-07-01,TCS Cloud,535,556,509,522
1991-08-01,TCS Cloud,605,643,594,622
1991-09-01,TCS Cloud,627,664,599,623
1991-10-01,TCS Cloud,618,644,594,604
1991-11-01,TCS Cloud,633,676,619,619
1991-12-01,TCS Cloud,615,630,591,606
1992-01-01,TCS Cloud,635,645,606,622
1992-02-01,TCS Cloud,601,646,589,635
1992-03-01,TCS Cloud,625,653,608,640
1992-04-01,TCS Cloud,665,702,643,697
1992-05-01,TCS Cloud,667,713,657,710
1992-06-01,TCS Cloud,596,643,580,589
1992-07-01,TCS Cloud,629,650,608,620
1992-08-01,TCS Cloud,657,667,634,655
1992-09-01,TCS Cloud,620,650,592,634
1992-10-01,TCS Cloud,593,611,580,590
1992-11-01,TCS Cloud,562,607,537,557
1992-12-01,TCS Cloud,643,662,633,651
1993-01-01,TCS Cloud,661,684,646,666
1993-02-01,TCS Cloud,606,619,590,611
1993-03-01,TCS Cloud,636,666,619,636
1993-04-01,TCS Cloud,673,719,646,702
1993-05-01,TCS Cloud,668,701,648,691
1993-06-01,TCS Cloud,632,659,620,654
1993-07-01,TCS Cloud,703,718,674,691
1993-08-01,TCS Cloud,613,652,590,603
1993-09-01,TCS Cloud,638,673,613,617
1993-10-01,TCS Cloud,632,652,609,636
1993-11-01,TCS Cloud,674,705,663,687
1993-12-01,TCS Cloud,640,671,628,633
1994-01-01,TCS Cloud,678,699,649,667
1994-02-01,TCS Cloud,637,666,615,636
1994-03-01,TCS Cloud,654,694,640,693
1994-04-01,TCS Cloud,659,678,645,674
1994-05-01,TCS Cloud,659,682,644,644
1994-06-01,TCS Cloud,718,757,692,706
1994-07-01,TCS Cloud,738,751,726,739
1994-08-01,TCS Cloud,620,646,591,617
1994-09-01,TCS Cloud,680,703,654,686
1994-10-01,TCS Cloud,673,707,648,656
1994-11-01,TCS Cloud,717,749,702,719
1994-12-01,TCS Cloud,704,747,689,745
1995-01-01,TCS Cloud,718,745,700,722
1995-02-01,TCS Cloud,683,706,668,702
1995-03-01,TCS Cloud,705,727,681,712
1995-04-01,TCS Cloud,738,754,709,748
1995-05-01,TCS Cloud,749,762,737,744
1995-06-01,TCS Cloud,711,739,684,695
1995-07-01,TCS Cloud,758,794,728,765
1995-08-01,TCS Cloud,708,720,681,718
1995-09-01,TCS Cloud,761,789,734,755
1995-10-01,TCS Cloud,744,790,716,722
1995-11-01,TCS Cloud,675,691,651,684
1995-12-01,TCS Cloud,731,759,710,735
1996-01-01,TCS Cloud,709,727,699,703
1996-02-01,TCS Cloud,729,774,711,746
1996-03-01,TCS Cloud,708,758,684,755
1996-04-01,TCS Cloud,765,779,747,765
1996-05-01,TCS Cloud,680,714,662,709
1996-06-01,TCS Cloud,747,762,723,761
1996-07-01,TCS Cloud,775,793,745,749
1996-08-01,TCS Cloud,810,830,796,809
1996-09-01,TCS Cloud,747,791,733,749
1996-10-01,TCS Cloud,792,836,766,786
1996-11-01,TCS Cloud,731,777,702,728
1996-12-01,TCS Cloud,693,732,669,713
1997-01-01,TCS Cloud,792,830,762,795
1997-02-01,TCS Cloud,836,879,807,856
1997-03-01,TCS Cloud,836,858,821,857
1997-04-01,TCS Cloud,818,849,801,839
1997-05-01,TCS Cloud,754,796,739,781
1997-06-01,TCS Cloud,755,801,733,789
1997-07-01,TCS Cloud,752,762,728,745
1997-08-01,TCS Cloud,723,756,709,712
1997-09-01,TCS Cloud,824,859,805,830
1997-10-01,TCS Cloud,845,857,829,836
1997-11-01,TCS Cloud,839,863,819,856
1997-12-01,TCS Cloud,764,789,740,758
1998-01-01,TCS Cloud,860,902,836,882
1998-02-01,TCS Cloud,777,825,767,790
1998-03-01,TCS Cloud,826,838,803,822
1998-04-01,TCS Cloud,808,830,795,811
1998-05-01,TCS Cloud,755,782,730,765
1998-06-01,TCS Cloud,819,841,797,798
1998-07-01,TCS Cloud,787,823,769,777
1998-08-01,TCS Cloud,769,792,756,781
1998-09-01,TCS Cloud,821,849,809,818
1998-10-01,TCS Cloud,775,813,749,773
1998-11-01,TCS Cloud,815,848,787,828
1998-12-01,TCS Cloud,747,788,734,783
1999-01-01,TCS Cloud,857,895,833,891
1999-02-01,TCS Cloud,908,939,890,925
1999-03-01,TCS Cloud,896,945,885,933
1999-04-01,TCS Cloud,904,944,883,883
1999-05-01,TCS Cloud,858,883,833,883
1999-06-01,TCS Cloud,771,790,752,768
1999-07-01,TCS Cloud,847,876,834,856
1999-08-01,TCS Cloud,898,910,868,896
1999-09-01,TCS Cloud,900,946,870,918
1999-10-01,TCS Cloud,786,802,765,788
1999-11-01,TCS Cloud,859,873,831,869
1999-12-01,TCS Cloud,805,849,777,777
2000-01-01,TCS Cloud,938,978,910,932
2000-02-01,TCS Cloud,923,970,912,930
2000-03-01,TCS Cloud,873,885,859,867
2000-04-01,TCS Cloud,812,829,782,786
2000-05-01,TCS Cloud,804,814,780,790
2000-06-01,TCS Cloud,860,908,844,900
2000-07-01,TCS Cloud,922,942,897,910
2000-08-01,TCS Cloud,819,865,807,815
2000-09-01,TCS Cloud,936,957,925,953
2000-10-01,TCS Cloud,932,947,909,918
2000-11-01,TCS Cloud,875,887,847,853
2000-12-01,TCS Cloud,931,971,918,923
2001-01-01,TCS Cloud,877,927,851,892
2001-02-01,TCS Cloud,904,917,883,893
2001-03-01,TCS Cloud,832,868,815,847
2001-04-01,TCS Cloud,862,894,846,854
2001-05-01,TCS Cloud,927,970,902,929
2001-06-01,TCS Cloud,977,1016,962,994
2001-07-01,TCS Cloud,883,925,854,917
2001-08-01,TCS Cloud,876,891,861,862
2001-09-01,TCS Cloud,952,1002,935,951
2001-10-01,TCS Cloud,850,874,823,830
2001-11-01,TCS Cloud,942,983,930,980
2001-12-01,TCS Cloud,908,928,890,915
2002-01-01,TCS Cloud,1011,1021,993,1012
2002-02-01,TCS Cloud,916,960,904,954
2002-03-01,TCS Cloud,1004,1049,985,1012
2002-04-01,TCS Cloud,881,895,852,853
2002-05-01,TCS Cloud,941,974,914,948
2002-06-01,TCS Cloud,868,883,841,841
2002-07-01,TCS Cloud,902,943,872,890
2002-08-01,TCS Cloud,877,908,859,885
2002-09-01,TCS Cloud,982,1002,964,976
2002-10-01,TCS Cloud,971,1009,949,977
2002-11-01,TCS Cloud,863,899,844,852
2002-12-01,TCS Cloud,871,899,858,875
2003-01-01,TCS Cloud,901,925,874,913
2003-02-01,TCS Cloud,1051,1083,1040,1044
2003-03-01,TCS Cloud,947,988,918,957
2003-04-01,TCS Cloud,915,942,897,925
2003-05-01,TCS Cloud,910,959,882,924
2003-06-01,TCS Cloud,986,1016,957,965
2003-07-01,TCS Cloud,1039,1052,1012,1030
2003-08-01,TCS Cloud,1011,1043,985,989
2003-09-01,TCS Cloud,910,955,895,933
2003-10-01,TCS Cloud,946,960,931,931
2003-11-01,TCS Cloud,990,1024,965,1002
2003-12-01,TCS Cloud,991,1002,977,980
2004-01-01,TCS Cloud,932,966,922,939
2004-02-01,TCS Cloud,1001,1027,983,996
2004-03-01,TCS Cloud,955,967,944,955
2004-04-01,TCS Cloud,1086,1136,1057,1099
2004-05-01,TCS Cloud,1040,1070,1018,1025
2004-06-01,TCS Cloud,1040,1078,1014,1057
2004-07-01,TCS Cloud,1028,1069,1017,1057
2004-08-01,TCS Cloud,989,1026,972,976
2004-09-01,TCS Cloud,1038,1088,1027,1037
2004-10-01,TCS Cloud,946,957,934,941
2004-11-01,TCS Cloud,1048,1088,1023,1084
2004-12-01,TCS Cloud,1025,1052,1014,1033
2005-01-01,TCS Cloud,1096,1124,1084,1121
2005-02-01,TCS Cloud,950,969,937,938
2005-03-01,TCS Cloud,1057,1104,1033,1091
2005-04-01,TCS Cloud,1016,1029,994,1020
2005-05-01,TCS Cloud,1059,1105,1043,1053
2005-06-01,TCS Cloud,1046,1066,1021,1026
2005-07-01,TCS Cloud,1119,1149,1097,1135
2005-08-01,TCS Cloud,1054,1081,1035,1058
2005-09-01,TCS Cloud,1017,1061,1001,1042
2005-10-01,TCS Cloud,1074,1090,1055,1076
2005-11-01,TCS Cloud,1055,1090,1027,1077
2005-12-01,TCS Cloud,1051,1101,1034,1057
2006-01-01,TCS Cloud,1113,1147,1085,1098
2006-02-01,TCS Cloud,1119,1144,1089,1111
2006-03-01,TCS Cloud,1120,1134,1102,1113
2006-04-01,TCS Cloud,999,1009,982,997
2006-05-01,TCS Cloud,1042,1089,1015,1024
2006-06-01,TCS Cloud,1144,1190,1117,1175
2006-07-01,TCS Cloud,1077,1107,1054,1072
2006-08-01,TCS Cloud,1011,1048,991,1015
2006-09-01,TCS Cloud,1112,1144,1101,1136
2006-10-01,TCS Cloud,1154,1194,1127,1152
2006-11-01,TCS Cloud,1001,1046,985,1019
2006-12-01,TCS Cloud,1088,1121,1073,1102
2007-01-01,TCS Cloud,1020,1033,1000,1018
2007-02-01,TCS Cloud,1116,1162,1089,1109
2007-03-01,TCS Cloud,1128,1176,1107,1159
2007-04-01,TCS Cloud,1122,1162,1101,1122
2007-05-01,TCS Cloud,1059,1097,1047,1082
2007-06-01,TCS Cloud,1173,1207,1149,1178
2007-07-01,TCS Cloud,1014,1060,989,1054
2007-08-01,TCS Cloud,1187,1234,1164,1177
2007-09-01,TCS Cloud,1139,1166,1109,1115
2007-10-01,TCS Cloud,1183,1197,1163,1192
2007-11-01,TCS Cloud,1131,1166,1113,1124
2007-12-01,TCS Cloud,1146,1173,1136,1149
2008-01-01,TCS Cloud,1225,1242,1211,1241
2008-02-01,TCS Cloud,1167,1199,1149,1184
2008-03-01,TCS Cloud,1180,1216,1158,1201
2008-04-01,TCS Cloud,1164,1175,1151,1161
2008-05-01,TCS Cloud,1227,1270,1199,1224
2008-06-01,TCS Cloud,1076,1125,1064,1074
2008-07-01,TCS Cloud,1193,1234,1180,1195
2008-08-01,TCS Cloud,1059,1085,1046,1084
2008-09-01,TCS Cloud,1047,1064,1027,1035
2008-10-01,TCS Cloud,1051,1095,1041,1054
2008-11-01,TCS Cloud,1048,1066,1030,1064
2008-12-01,TCS Cloud,1052,1077,1022,1060
2009-01-01,TCS Cloud,1183,1223,1154,1195
2009-02-01,TCS Cloud,1194,1210,1175,1210
2009-03-01,TCS Cloud,1240,1276,1219,1255
2009-04-01,TCS Cloud,1123,1145,1097,1123
2009-05-01,TCS Cloud,1197,1211,1170,1193
2009-06-01,TCS Cloud,1196,1209,1180,1188
2009-07-01,TCS Cloud,1110,1139,1080,1139
2009-08-01,TCS Cloud,1174,1199,1146,1180
2009-09-01,TCS Cloud,1108,1133,1095,1126
2009-10-01,TCS Cloud,1251,1274,1235,1257
2009-11-01,TCS Cloud,1235,1257,1220,1254
2009-12-01,TCS Cloud,1234,1260,1215,1217
2010-01-01,TCS Cloud,1269,1290,1245,1257
2010-02-01,TCS Cloud,1220,1267,1192,1225
2010-03-01,TCS Cloud,1126,1171,1112,1157
2010-04-01,TCS Cloud,1208,1243,1187,1194
2010-05-01,TCS Cloud,1265,1307,1239,1286
2010-06-01,TCS Cloud,1115,1150,1104,1129
2010-07-01,TCS Cloud,1118,1153,1101,1129
2010-08-01,TCS Cloud,1292,1303,1271,1289
2010-09-01,TCS Cloud,1213,1225,1203,1206
2010-10-01,TCS Cloud,1112,1135,1087,1115
2010-11-01,TCS Cloud,1143,1177,1114,1130
2010-12-01,TCS Cloud,1181,1220,1162,1173
2011-01-01,TCS Cloud,1221,1265,1206,1224
2011-02-01,TCS Cloud,1331,1380,1319,1336
2011-03-01,TCS Cloud,1148,1173,1128,1160
2011-04-01,TCS Cloud,1303,1333,1291,1330
2011-05-01,TCS Cloud,1253,1272,1234,1252
2011-06-01,TCS Cloud,1298,1313,1268,1304
2011-07-01,TCS Cloud,1320,1336,1294,1316
2011-08-01,TCS Cloud,1331,1345,1320,1339
2011-09-01,TCS Cloud,1278,1314,1248,1257
2011-10-01,TCS Cloud,1148,1163,1125,1160
2011-11-01,TCS Cloud,1145,1171,1123,1168
2011-12-01,TCS Cloud,1278,1322,1254,1282
2012-01-01,TCS Cloud,1235,1249,1217,1247
2012-02-01,TCS Cloud,1170,1191,1146,1168
2012-03-01,TCS Cloud,1175,1193,1148,1174
2012-04-01,TCS Cloud,1317,1338,1304,1333
2012-05-01,TCS Cloud,1235,1267,1221,1263
2012-06-01,TCS Cloud,1205,1226,1178,1196
2012-07-01,TCS Cloud,1238,1287,1209,1255
2012-08-01,TCS Cloud,1230,1277,1202,1213
2012-09-01,TCS Cloud,1227,1261,1215,1228
2012-10-01,TCS Cloud,1290,1307,1278,1294
2012-11-01,TCS Cloud,1209,1236,1184,1196
2012-12-01,TCS Cloud,1233,1266,1209,1232
2013-01-01,TCS Cloud,1263,1312,1252,1294
2013-02-01,TCS Cloud,1228,1243,1214,1242
2013-03-01,TCS Cloud,1397,1442,1387,1405
2013-04-01,TCS Cloud,1214,1250,1202,1245
2013-05-01,TCS Cloud,1336,1360,1321,1330
2013-06-01,TCS Cloud,1359,1374,1343,1346
2013-07-01,TCS Cloud,1379,1424,1369,1414
2013-08-01,TCS Cloud,1358,1405,1332,1357
2013-09-01,TCS Cloud,1278,1299,1261,1293
2013-10-01,TCS Cloud,1277,1306,1265,1298
2013-11-01,TCS Cloud,1239,1253,1225,1227
2013-12-01,TCS Cloud,1310,1358,1281,1338
2014-01-01,TCS Cloud,1334,1357,1315,1348
2014-02-01,TCS Cloud,1324,1372,1312,1372
2014-03-01,TCS Cloud,1352,1374,1330,1339
2014-04-01,TCS Cloud,1326,1362,1309,1349
2014-05-01,TCS Cloud,1417,1466,1404,1413
2014-06-01,TCS Cloud,1360,1405,1342,1403
2014-07-01,TCS Cloud,1385,1415,1358,1368
2014-08-01,TCS Cloud,1394,1435,1364,1373
2014-09-01,TCS Cloud,1427,1455,1407,1439
2014-10-01,TCS Cloud,1272,1308,1248,1294
2014-11-01,TCS Cloud,1414,1447,1392,1411
2014-12-01,TCS Cloud,1240,1276,1217,1235
2015-01-01,TCS Cloud,1276,1321,1262,1294
2015-02-01,TCS Cloud,1338,1355,1317,1343
2015-03-01,TCS Cloud,1444,1458,1426,1449
2015-04-01,TCS Cloud,1468,1478,1446,1470
2015-05-01,TCS Cloud,1332,1379,1303,1346
2015-06-01,TCS Cloud,1427,1476,1407,1427
2015-07-01,TCS Cloud,1365,1387,1336,1378
2015-08-01,TCS Cloud,1402,1450,1384,1445
2015-09-01,TCS Cloud,1315,1364,1303,1331
2015-10-01,TCS Cloud,1427,1461,1409,1424
2015-11-01,TCS Cloud,1256,1302,1238,1259
2015-12-01,TCS Cloud,1268,1284,1253,1253
2016-01-01,TCS Cloud,1327,1340,1301,1302
2016-02-01,TCS Cloud,1429,1442,1402,1418
2016-03-01,TCS Cloud,1435,1467,1411,1445
2016-04-01,TCS Cloud,1341,1370,1321,1361
2016-05-01,TCS Cloud,1438,1459,1417,1451
2016-06-01,TCS Cloud,1301,1351,1277,1319
2016-07-01,TCS Cloud,1407,1457,1389,1390
2016-08-01,TCS Cloud,1470,1505,1453,1476
2016-09-01,TCS Cloud,1451,1487,1427,1473
2016-10-01,TCS Cloud,1444,1490,1420,1468
2016-11-01,TCS Cloud,1323,1365,1309,1361
2016-12-01,TCS Cloud,1447,1495,1429,1463
2017-01-01,TCS Cloud,1525,1551,1499,1518
2017-02-01,TCS Cloud,1438,1487,1424,1455
2017-03-01,TCS Cloud,1421,1447,1399,1436
2017-04-01,TCS Cloud,1381,1403,1352,1376
2017-05-01,TCS Cloud,1425,1470,1400,1429
2017-06-01,TCS Cloud,1428,1451,1415,1428
2017-07-01,TCS Cloud,1355,1375,1339,1344
2017-08-01,TCS Cloud,1443,1479,1421,1476
2017-09-01,TCS Cloud,1458,1508,1438,1496
2017-10-01,TCS Cloud,1377,1409,1358,1390
2017-11-01,TCS Cloud,1535,1580,1519,1546
2017-12-01,TCS Cloud,1414,1441,1384,1409
2018-01-01,TCS Cloud,1395,1439,1385,1432
2018-02-01,TCS Cloud,1441,1486,1412,1464
2018-03-01,TCS Cloud,1537,1564,1513,1557
2018-04-01,TCS Cloud,1578,1590,1555,1590
2018-05-01,TCS Cloud,1447,1486,1435,1458
2018-06-01,TCS Cloud,1394,1415,1383,1389
2018-07-01,TCS Cloud,1551,1599,1540,1545
2018-08-01,TCS Cloud,1498,1532,1469,1496
2018-09-01,TCS Cloud,1473,1515,1463,1507
2018-10-01,TCS Cloud,1546,1562,1536,1542
2018-11-01,TCS Cloud,1401,1421,1384,1406
2018-12-01,TCS Cloud,1454,1495,1439,1445
2019-01-01,TCS Cloud,1478,1509,1456,1457
2019-02-01,TCS Cloud,1439,1463,1411,1415
2019-03-01,TCS Cloud,1591,1625,1572,1607
2019-04-01,TCS Cloud,1471,1502,1460,1501
2019-05-01,TCS Cloud,1607,1627,1583,1606
2019-06-01,TCS Cloud,1433,1448,1421,1426
2019-07-01,TCS Cloud,1568,1611,1558,1601
2019-08-01,TCS Cloud,1466,1497,1438,1457
2019-09-01,TCS Cloud,1424,1463,1403,1447
2019-10-01,TCS Cloud,1370,1404,1345,1382
2019-11-01,TCS Cloud,1484,1499,1471,1477
2019-12-01,TCS Cloud,1477,1487,1457,1458
2020-01-01,TCS Cloud,1463,1474,1449,1459
2020-02-01,TCS Cloud,1498,1547,1472,1479
2020-03-01,TCS Cloud,1560,1602,1541,1591
2020-04-01,TCS Cloud,1607,1625,1595,1613
2020-05-01,TCS Cloud,1508,1548,1480,1507
2020-06-01,TCS Cloud,1414,1445,1384,1389
2020-07-01,TCS Cloud,1562,1597,1542,1597
2020-08-01,TCS Cloud,1469,1516,1454,1505
2020-09-01,TCS Cloud,1511,1556,1501,1502
2020-10-01,TCS Cloud,1568,1596,1550,1573
2020-11-01,TCS Cloud,1611,1626,1598,1598
2020-12-01,TCS Cloud,1483,1531,1453,1521
2021-01-01,TCS Cloud,1592,1631,1576,1602
2021-02-01,TCS Cloud,1475,1509,1456,1458
2021-03-01,TCS Cloud,1583,1615,1560,1560
2021-04-01,TCS Cloud,1649,1691,1622,1655
2021-05-01,TCS Cloud,1682,1726,1665,1708
2021-06-01,TCS Cloud,1511,1525,1485,1514
2021-07-01,TCS Cloud,1625,1637,1598,1623
2021-08-01,TCS Cloud,1438,1461,1425,1453
2021-09-01,TCS Cloud,1536,1574,1511,1544
2021-10-01,TCS Cloud,1643,1667,1615,1636
2021-11-01,TCS Cloud,1644,1690,1624,1645
2021-12-01,TCS Cloud,1539,1553,1513,1552
2022-01-01,TCS Cloud,1513,1548,1486,1518
2022-02-01,TCS Cloud,1645,1668,1621,1644
2022-03-01,TCS Cloud,1584,1604,1561,1592
2022-04-01,TCS Cloud,1477,1508,1448,1480
2022-05-01,TCS Cloud,1631,1680,1608,1632
2022-06-01,TCS Cloud,1505,1535,1478,1519
2022-07-01,TCS Cloud,1527,1573,1517,1541
2022-08-01,TCS Cloud,1703,1736,1688,1716
2022-09-01,TCS Cloud,1650,1666,1622,1663
2022-10-01,TCS Cloud,1597,1634,1571,1597
2022-11-01,TCS Cloud,1564,1604,1543,1600
2022-12-01,TCS Cloud,1576,1613,1565,1595
2023-01-01,TCS Cloud,1598,1619,1572,1583
2023-02-01,TCS Cloud,1738,1771,1716,1770
2023-03-01,TCS Cloud,1495,1509,1478,1492
2023-04-01,TCS Cloud,1574,1587,1550,1568
2023-05-01,TCS Cloud,1612,1633,1597,1617
2023-06-01,TCS Cloud,1735,1769,1724,1732
2023-07-01,TCS Cloud,1501,1521,1491,1516
2023-08-01,TCS Cloud,1650,1669,1632,1641
2023-09-01,TCS Cloud,1717,1744,1702,1729
2023-10-01,TCS Cloud,1606,1646,1586,1634
2023-11-01,TCS Cloud,1708,1754,1689,1716
2023-12-01,TCS Cloud,1632,1659,1618,1621
2024-01-01,TCS Cloud,1733,1776,1722,1757
2024-02-01,TCS Cloud,1676,1693,1648,1683
2024-03-01,TCS Cloud,1699,1740,1673,1716
2024-04-01,TCS Cloud,1582,1619,1571,1583
2024-05-01,TCS Cloud,1559,1602,1539,1597
2024-06-01,TCS Cloud,1713,1743,1684,1740
2024-07-01,TCS Cloud,1629,1652,1607,1638
2024-08-01,TCS Cloud,1559,1578,1548,1551
2024-09-01,TCS Cloud,1781,1828,1765,1777
2024-10-01,TCS Cloud,1730,1748,1703,1712
2024-11-01,TCS Cloud,1531,1571,1519,1524
2024-12-01,TCS Cloud,1645,1686,1627,1634
2025-01-01,TCS Cloud,1812,1862,1793,1811
2025-02-01,TCS Cloud,1811,1823,1792,1819
2025-03-01,TCS Cloud,1819,1856,1805,1834
2025-04-01,TCS Cloud,1566,1598,1556,1563
2025-05-01,TCS Cloud,1667,1684,1652,1655
2025-06-01,TCS Cloud,1563,1595,1552,1569
2025-07-01,TCS Cloud,1806,1837,1796,1800
2025-08-01,TCS Cloud,1638,1651,1617,1630
2025-09-01,TCS Cloud,1737,1775,1719,1732
2025-10-01,TCS Cloud,1658,1669,1641,1662
2025-11-01,TCS Cloud,1820,1830,1800,1800
2025-12-01,TCS Cloud,1689,1727,1673,1682
2026-01-01,TCS Cloud,1713,1745,1690,1691
2026-02-01,TCS Cloud,1690,1707,1670,1671
2026-03-01,TCS Cloud,1826,1863,1812,1862
2026-04-01,TCS Cloud,1751,1786,1740,1763
2026-05-01,TCS Cloud,1636,1671,1615,1625
2026-06-01,TCS Cloud,1609,1639,1598,1637
2026-07-01,TCS Cloud,1624,1664,1608,1620
2026-08-01,TCS Cloud,1650,1699,1638,1676
2026-09-01,TCS Cloud,1780,1806,1752,1792
2026-10-01,TCS Cloud,1611,1653,1581,1640
2026-11-01,TCS Cloud,1624,1658,1604,1641
2026-12-01,TCS Cloud,1829,1854,1799,1838
2027-01-01,TCS Cloud,1740,1775,1723,1733
2027-02-01,TCS Cloud,1784,1794,1756,1763
2027-03-01,TCS Cloud,1756,1769,1743,1750
2027-04-01,TCS Cloud,1711,1731,1696,1724
2027-05-01,TCS Cloud,1631,1641,1606,1614
2027-06-01,TCS Cloud,1644,1693,1633,1634
2027-07-01,TCS Cloud,1868,1908,1854,1890
2027-08-01,TCS Cloud,1642,1681,1612,1675
2027-09-01,TCS Cloud,1757,1767,1731,1739
2027-10-01,TCS Cloud,1660,1692,1638,1692
2027-11-01,TCS Cloud,1732,1769,1720,1763
2027-12-01,TCS Cloud,1894,1928,1867,1904
2028-01-01,TCS Cloud,1657,1667,1639,1658
2028-02-01,TCS Cloud,1733,1756,1722,1733
2028-03-01,TCS Cloud,1883,1911,1873,1910
2028-04-01,TCS Cloud,1930,1946,1903,1931
2028-05-01,TCS Cloud,1907,1941,1894,1936
2028-06-01,TCS Cloud,1792,1811,1766,1780
2028-07-01,TCS Cloud,1645,1682,1633,1670
2028-08-01,TCS Cloud,1849,1861,1827,1856
2028-09-01,TCS Cloud,1712,1758,1683,1758
2028-10-01,TCS Cloud,1878,1896,1861,1871
2028-11-01,TCS Cloud,1715,1742,1695,1721
2028-12-01,TCS Cloud,1808,1845,1778,1783
2029-01-01,TCS Cloud,1729,1750,1708,1710
2029-02-01,TCS Cloud,1789,1835,1767,1799
2029-03-01,TCS Cloud,1939,1958,1926,1931
2029-04-01,TCS Cloud,1870,1880,1850,1867
2029-05-01,TCS Cloud,1716,1748,1705,1724
2029-06-01,TCS Cloud,1892,1927,1879,1894
2029-07-01,TCS Cloud,1799,1820,1789,1795
2029-08-01,TCS Cloud,1888,1916,1859,1868
2029-09-01,TCS Cloud,1870,1904,1843,1882
2029-10-01,TCS Cloud,1833,1848,1809,1838
2029-11-01,TCS Cloud,1845,1860,1820,1830
2029-12-01,TCS Cloud,1828,1872,1817,1821
2030-01-01,TCS Cloud,1709,1727,1694,1726
2030-02-01,TCS Cloud,1751,1795,1739,1756
2030-03-01,TCS Cloud,1881,1927,1851,1917
2030-04-01,TCS Cloud,1764,1793,1735,1777
2030-05-01,TCS Cloud,1730,1772,1710,1719
2030-06-01,TCS Cloud,1803,1819,1782,1791
2030-07-01,TCS Cloud,1712,1762,1701,1709
2030-08-01,TCS Cloud,1768,1797,1743,1781
2030-09-01,TCS Cloud,1840,1878,1825,1866
2030-10-01,TCS Cloud,1822,1842,1793,1817
2030-11-01,TCS Cloud,1867,1887,1854,1859
2030-12-01,TCS Cloud,1898,1912,1871,1884
1990-01-01,TCS AI,574,620,556,563
1990-02-01,TCS AI,500,528,474,511
1990-03-01,TCS AI,584,628,569,623
1990-04-01,TCS AI,590,632,571,596
1990-05-01,TCS AI,577,587,559,569
1990-06-01,TCS AI,570,580,543,560
1990-07-01,TCS AI,596,635,580,583
1990-08-01,TCS AI,528,554,517,551
1990-09-01,TCS AI,538,582,514,524
1990-10-01,TCS AI,534,580,516,577
1990-11-01,TCS AI,591,638,576,614
1990-12-01,TCS AI,589,638,566,593
1991-01-01,TCS AI,616,646,587,625
1991-02-01,TCS AI,531,544,520,533
1991-03-01,TCS AI,567,608,548,604
1991-04-01,TCS AI,600,614,585,605
1991-05-01,TCS AI,548,568,535,549
1991-06-01,TCS AI,598,620,569,576
1991-07-01,TCS AI,631,645,608,617
1991-08-01,TCS AI,545,582,516,525
1991-09-01,TCS AI,559,580,540,571
1991-10-01,TCS AI,579,618,568,589
1991-11-01,TCS AI,537,562,519,562
1991-12-01,TCS AI,599,643,579,617
1992-01-01,TCS AI,670,701,655,686
1992-02-01,TCS AI,663,711,637,665
1992-03-01,TCS AI,568,588,546,579
1992-04-01,TCS AI,594,631,580,620
1992-05-01,TCS AI,573,594,562,578
1992-06-01,TCS AI,562,599,546,571
1992-07-01,TCS AI,589,622,565,567
1992-08-01,TCS AI,661,703,632,645
1992-09-01,TCS AI,574,597,559,593
1992-10-01,TCS AI,620,632,595,595
1992-11-01,TCS AI,614,654,601,652
1992-12-01,TCS AI,637,648,612,618
1993-01-01,TCS AI,630,659,610,641
1993-02-01,TCS AI,666,709,645,662
1993-03-01,TCS AI,623,656,604,626
1993-04-01,TCS AI,696,728,675,699
1993-05-01,TCS AI,705,722,689,705
1993-06-01,TCS AI,650,688,639,656
1993-07-01,TCS AI,668,682,654,666
1993-08-01,TCS AI,651,672,622,658
1993-09-01,TCS AI,615,653,588,597
1993-10-01,TCS AI,595,609,576,579
1993-11-01,TCS AI,599,643,584,591
1993-12-01,TCS AI,608,644,580,614
1994-01-01,TCS AI,670,685,643,672
1994-02-01,TCS AI,701,745,675,720
1994-03-01,TCS AI,648,666,629,633
1994-04-01,TCS AI,680,724,663,671
1994-05-01,TCS AI,698,715,674,688
1994-06-01,TCS AI,666,703,639,657
1994-07-01,TCS AI,673,685,643,668
1994-08-01,TCS AI,624,647,608,644
1994-09-01,TCS AI,658,676,639,658
1994-10-01,TCS AI,683,712,673,677
1994-11-01,TCS AI,643,686,631,686
1994-12-01,TCS AI,622,651,608,644
1995-01-01,TCS AI,748,759,719,738
1995-02-01,TCS AI,735,774,723,762
1995-03-01,TCS AI,743,790,717,733
1995-04-01,TCS AI,723,758,705,714
1995-05-01,TCS AI,748,779,718,742
1995-06-01,TCS AI,755,790,735,767
1995-07-01,TCS AI,699,730,684,684
1995-08-01,TCS AI,654,667,628,655
1995-09-01,TCS AI,774,823,745,771
1995-10-01,TCS AI,688,704,677,689
1995-11-01,TCS AI,658,707,638,654
1995-12-01,TCS AI,759,781,747,752
1996-01-01,TCS AI,710,755,696,737
1996-02-01,TCS AI,741,751,725,737
1996-03-01,TCS AI,701,737,687,737
1996-04-01,TCS AI,705,752,689,726
1996-05-01,TCS AI,779,812,754,802
1996-06-01,TCS AI,747,773,719,740
1996-07-01,TCS AI,736,786,714,725
1996-08-01,TCS AI,702,714,679,704
1996-09-01,TCS AI,683,731,656,714
1996-10-01,TCS AI,751,797,723,771
1996-11-01,TCS AI,697,744,673,740
1996-12-01,TCS AI,796,824,778,787
1997-01-01,TCS AI,777,814,757,799
1997-02-01,TCS AI,792,836,766,803
1997-03-01,TCS AI,798,829,779,806
1997-04-01,TCS AI,823,870,801,848
1997-05-01,TCS AI,824,872,796,802
1997-06-01,TCS AI,837,872,811,871
1997-07-01,TCS AI,727,740,716,722
1997-08-01,TCS AI,737,748,715,744
1997-09-01,TCS AI,804,851,787,840
1997-10-01,TCS AI,830,849,818,835
1997-11-01,TCS AI,807,837,795,804
1997-12-01,TCS AI,732,764,702,744
1998-01-01,TCS AI,842,878,824,850
1998-02-01,TCS AI,783,805,765,767
1998-03-01,TCS AI,879,921,865,918
1998-04-01,TCS AI,793,810,773,810
1998-05-01,TCS AI,786,825,773,798
1998-06-01,TCS AI,857,901,841,886
1998-07-01,TCS AI,819,850,809,824
1998-08-01,TCS AI,863,895,847,868
1998-09-01,TCS AI,867,877,855,860
1998-10-01,TCS AI,832,853,805,815
1998-11-01,TCS AI,812,833,801,825
1998-12-01,TCS AI,850,863,821,846
1999-01-01,TCS AI,840,868,810,850
1999-02-01,TCS AI,797,841,785,815
1999-03-01,TCS AI,899,939,876,893
1999-04-01,TCS AI,869,882,845,871
1999-05-01,TCS AI,820,861,796,817
1999-06-01,TCS AI,792,820,774,818
1999-07-01,TCS AI,809,824,785,793
1999-08-01,TCS AI,795,826,765,783
1999-09-01,TCS AI,910,935,886,928
1999-10-01,TCS AI,875,893,854,862
1999-11-01,TCS AI,848,895,823,875
1999-12-01,TCS AI,788,803,767,782
2000-01-01,TCS AI,925,970,907,909
2000-02-01,TCS AI,839,863,824,826
2000-03-01,TCS AI,894,910,870,880
2000-04-01,TCS AI,888,912,865,886
2000-05-01,TCS AI,844,889,820,834
2000-06-01,TCS AI,895,906,870,873
2000-07-01,TCS AI,942,989,921,960
2000-08-01,TCS AI,809,829,795,823
2000-09-01,TCS AI,913,955,903,931
2000-10-01,TCS AI,898,916,874,910
2000-11-01,TCS AI,813,836,790,794
2000-12-01,TCS AI,933,950,923,933
2001-01-01,TCS AI,886,917,873,914
2001-02-01,TCS AI,942,988,924,958
2001-03-01,TCS AI,941,976,919,928
2001-04-01,TCS AI,908,954,898,949
2001-05-01,TCS AI,982,996,963,964
2001-06-01,TCS AI,885,923,862,908
2001-07-01,TCS AI,834,874,822,863
2001-08-01,TCS AI,909,933,895,907
2001-09-01,TCS AI,970,1002,960,984
2001-10-01,TCS AI,885,914,867,897
2001-11-01,TCS AI,878,910,862,907
2001-12-01,TCS AI,912,953,887,892
2002-01-01,TCS AI,902,934,875,887
2002-02-01,TCS AI,987,1010,976,1007
2002-03-01,TCS AI,975,1005,946,958
2002-04-01,TCS AI,957,1004,939,972
2002-05-01,TCS AI,947,975,922,932
2002-06-01,TCS AI,954,972,924,933
2002-07-01,TCS AI,986,1032,960,967
2002-08-01,TCS AI,1003,1030,986,1017
2002-09-01,TCS AI,925,963,911,941
2002-10-01,TCS AI,951,985,939,951
2002-11-01,TCS AI,946,959,916,935
2002-12-01,TCS AI,902,945,889,936
2003-01-01,TCS AI,1029,1053,1001,1043
2003-02-01,TCS AI,970,983,958,961
2003-03-01,TCS AI,920,943,904,931
2003-04-01,TCS AI,990,1031,976,1027
2003-05-01,TCS AI,912,953,896,942
2003-06-01,TCS AI,930,947,919,934
2003-07-01,TCS AI,979,1006,960,994
2003-08-01,TCS AI,927,960,907,935
2003-09-01,TCS AI,959,973,938,971
2003-10-01,TCS AI,1044,1082,1033,1041
2003-11-01,TCS AI,934,969,920,962
2003-12-01,TCS AI,1040,1089,1019,1062
2004-01-01,TCS AI,961,978,947,965
2004-02-01,TCS AI,1037,1057,1019,1025
2004-03-01,TCS AI,972,990,957,968
2004-04-01,TCS AI,970,1008,949,959
2004-05-01,TCS AI,1085,1121,1074,1103
2004-06-01,TCS AI,991,1014,967,980
2004-07-01,TCS AI,969,997,951,990
2004-08-01,TCS AI,951,999,923,982
2004-09-01,TCS AI,969,992,947,964
2004-10-01,TCS AI,973,1009,963,992
2004-11-01,TCS AI,946,972,920,938
2004-12-01,TCS AI,1060,1098,1038,1059
2005-01-01,TCS AI,972,999,955,987
2005-02-01,TCS AI,1034,1068,1013,1016
2005-03-01,TCS AI,1001,1011,973,987
2005-04-01,TCS AI,1042,1072,1029,1041
2005-05-01,TCS AI,954,1000,935,1000
2005-06-01,TCS AI,1001,1047,991,1041
2005-07-01,TCS AI,956,990,944,958
2005-08-01,TCS AI,1057,1086,1039,1051
2005-09-01,TCS AI,1070,1099,1050,1072
2005-10-01,TCS AI,951,969,927,931
2005-11-01,TCS AI,1064,1084,1039,1068
2005-12-01,TCS AI,1097,1129,1069,1092
2006-01-01,TCS AI,998,1023,975,988
2006-02-01,TCS AI,1094,1105,1079,1104
2006-03-01,TCS AI,1141,1159,1114,1140
2006-04-01,TCS AI,1068,1087,1058,1076
2006-05-01,TCS AI,1104,1154,1091,1095
2006-06-01,TCS AI,1104,1128,1093,1101
2006-07-01,TCS AI,1058,1083,1031,1040
2006-08-01,TCS AI,1116,1166,1104,1165
2006-09-01,TCS AI,1003,1023,974,995
2006-10-01,TCS AI,1147,1157,1127,1138
2006-11-01,TCS AI,989,1000,965,969
2006-12-01,TCS AI,1144,1178,1134,1144
2007-01-01,TCS AI,1151,1190,1128,1154
2007-02-01,TCS AI,1134,1158,1120,1131
2007-03-01,TCS AI,1117,1167,1099,1108
2007-04-01,TCS AI,1056,1103,1028,1049
2007-05-01,TCS AI,1175,1203,1165,1165
2007-06-01,TCS AI,1135,1164,1114,1149
2007-07-01,TCS AI,1117,1140,1093,1094
2007-08-01,TCS AI,1024,1070,997,1068
2007-09-01,TCS AI,1189,1218,1176,1179
2007-10-01,TCS AI,1085,1128,1068,1102
2007-11-01,TCS AI,1021,1042,1010,1025
2007-12-01,TCS AI,1031,1048,1007,1008
2008-01-01,TCS AI,1163,1175,1146,1168
2008-02-01,TCS AI,1164,1199,1138,1140
2008-03-01,TCS AI,1126,1146,1096,1113
2008-04-01,TCS AI,1076,1120,1047,1080
2008-05-01,TCS AI,1081,1114,1061,1103
2008-06-01,TCS AI,1180,1197,1152,1176
2008-07-01,TCS AI,1129,1170,1115,1159
2008-08-01,TCS AI,1229,1257,1218,1246
2008-09-01,TCS AI,1067,1083,1048,1076
2008-10-01,TCS AI,1105,1154,1089,1116
2008-11-01,TCS AI,1159,1208,1137,1199
2008-12-01,TCS AI,1207,1238,1185,1232
2009-01-01,TCS AI,1244,1292,1227,1234
2009-02-01,TCS AI,1253,1277,1237,1268
2009-03-01,TCS AI,1084,1109,1072,1086
2009-04-01,TCS AI,1113,1126,1095,1109
2009-05-01,TCS AI,1098,1139,1087,1099
2009-06-01,TCS AI,1229,1243,1203,1222
2009-07-01,TCS AI,1229,1242,1199,1201
2009-08-01,TCS AI,1073,1108,1059,1088
2009-09-01,TCS AI,1155,1169,1135,1153
2009-10-01,TCS AI,1155,1187,1129,1158
2009-11-01,TCS AI,1245,1273,1226,1261
2009-12-01,TCS AI,1138,1186,1114,1154
2010-01-01,TCS AI,1218,1235,1200,1231
2010-02-01,TCS AI,1191,1233,1174,1215
2010-03-01,TCS AI,1250,1278,1223,1246
2010-04-01,TCS AI,1124,1174,1108,1160
2010-05-01,TCS AI,1238,1266,1223,1251
2010-06-01,TCS AI,1250,1300,1220,1228
2010-07-01,TCS AI,1198,1238,1176,1203
2010-08-01,TCS AI,1142,1152,1116,1137
2010-09-01,TCS AI,1175,1224,1148,1183
2010-10-01,TCS AI,1165,1198,1139,1165
2010-11-01,TCS AI,1294,1335,1282,1323
2010-12-01,TCS AI,1145,1180,1116,1141
2011-01-01,TCS AI,1223,1250,1205,1227
2011-02-01,TCS AI,1208,1231,1188,1231
2011-03-01,TCS AI,1153,1196,1124,1167
2011-04-01,TCS AI,1177,1196,1161,1161
2011-05-01,TCS AI,1186,1232,1172,1189
2011-06-01,TCS AI,1202,1242,1177,1225
2011-07-01,TCS AI,1240,1260,1228,1243
2011-08-01,TCS AI,1155,1182,1127,1138
2011-09-01,TCS AI,1280,1301,1261,1261
2011-10-01,TCS AI,1228,1244,1216,1239
2011-11-01,TCS AI,1291,1318,1276,1306
2011-12-01,TCS AI,1298,1328,1278,1296
2012-01-01,TCS AI,1342,1388,1329,1376
2012-02-01,TCS AI,1213,1246,1183,1216
2012-03-01,TCS AI,1365,1412,1338,1402
2012-04-01,TCS AI,1169,1217,1153,1157
2012-05-01,TCS AI,1343,1353,1326,1348
2012-06-01,TCS AI,1302,1336,1272,1297
2012-07-01,TCS AI,1222,1239,1194,1234
2012-08-01,TCS AI,1172,1189,1146,1186
2012-09-01,TCS AI,1177,1210,1148,1177
2012-10-01,TCS AI,1177,1216,1155,1185
2012-11-01,TCS AI,1337,1353,1320,1326
2012-12-01,TCS AI,1213,1235,1186,1189
2013-01-01,TCS AI,1327,1346,1297,1341
2013-02-01,TCS AI,1302,1324,1292,1321
2013-03-01,TCS AI,1227,1258,1217,1250
2013-04-01,TCS AI,1327,1355,1309,1354
2013-05-01,TCS AI,1266,1288,1242,1249
2013-06-01,TCS AI,1307,1326,1279,1312
2013-07-01,TCS AI,1198,1225,1169,1209
2013-08-01,TCS AI,1357,1377,1339,1363
2013-09-01,TCS AI,1211,1225,1183,1213
2013-10-01,TCS AI,1220,1262,1206,1230
2013-11-01,TCS AI,1353,1401,1328,1401
2013-12-01,TCS AI,1276,1321,1260,1288
2014-01-01,TCS AI,1292,1333,1272,1320
2014-02-01,TCS AI,1327,1363,1307,1346
2014-03-01,TCS AI,1352,1377,1325,1375
2014-04-01,TCS AI,1379,1405,1354,1361
2014-05-01,TCS AI,1330,1379,1313,1345
2014-06-01,TCS AI,1224,1262,1197,1241
2014-07-01,TCS AI,1324,1358,1302,1321
2014-08-01,TCS AI,1274,1314,1255,1279
2014-09-01,TCS AI,1382,1430,1357,1394
2014-10-01,TCS AI,1326,1352,1302,1304
2014-11-01,TCS AI,1438,1479,1417,1458
2014-12-01,TCS AI,1238,1285,1228,1233
2015-01-01,TCS AI,1332,1376,1314,1326
2015-02-01,TCS AI,1459,1509,1435,1467
2015-03-01,TCS AI,1258,1308,1233,1275
2015-04-01,TCS AI,1386,1430,1371,1421
2015-05-01,TCS AI,1337,1364,1322,1322
2015-06-01,TCS AI,1473,1497,1462,1484
2015-07-01,TCS AI,1273,1297,1257,1290
2015-08-01,TCS AI,1392,1434,1377,1389
2015-09-01,TCS AI,1381,1416,1360,1366
2015-10-01,TCS AI,1399,1448,1370,1429
2015-11-01,TCS AI,1257,1297,1245,1260
2015-12-01,TCS AI,1393,1438,1372,1413
2016-01-01,TCS AI,1426,1442,1414,1416
2016-02-01,TCS AI,1501,1540,1477,1536
2016-03-01,TCS AI,1433,1462,1417,1427
2016-04-01,TCS AI,1383,1421,1366,1369
2016-05-01,TCS AI,1466,1504,1449,1459
2016-06-01,TCS AI,1415,1429,1398,1408
2016-07-01,TCS AI,1435,1469,1413,1452
2016-08-01,TCS AI,1415,1438,1399,1423
2016-09-01,TCS AI,1340,1365,1312,1357
2016-10-01,TCS AI,1300,1327,1282,1316
2016-11-01,TCS AI,1481,1499,1461,1495
2016-12-01,TCS AI,1283,1322,1271,1313
2017-01-01,TCS AI,1410,1420,1390,1408
2017-02-01,TCS AI,1468,1517,1458,1466
2017-03-01,TCS AI,1320,1357,1309,1345
2017-04-01,TCS AI,1402,1436,1383,1398
2017-05-01,TCS AI,1319,1342,1292,1333
2017-06-01,TCS AI,1403,1433,1375,1400
2017-07-01,TCS AI,1489,1518,1463,1468
2017-08-01,TCS AI,1344,1384,1320,1349
2017-09-01,TCS AI,1354,1379,1342,1342
2017-10-01,TCS AI,1484,1511,1474,1483
2017-11-01,TCS AI,1361,1381,1338,1361
2017-12-01,TCS AI,1540,1588,1526,1541
2018-01-01,TCS AI,1398,1440,1379,1399
2018-02-01,TCS AI,1410,1457,1389,1398
2018-03-01,TCS AI,1433,1449,1409,1426
2018-04-01,TCS AI,1560,1590,1532,1588
2018-05-01,TCS AI,1390,1439,1377,1421
2018-06-01,TCS AI,1525,1545,1501,1511
2018-07-01,TCS AI,1437,1448,1408,1426
2018-08-01,TCS AI,1438,1460,1424,1459
2018-09-01,TCS AI,1344,1358,1324,1336
2018-10-01,TCS AI,1345,1361,1317,1360
2018-11-01,TCS AI,1442,1492,1417,1441
2018-12-01,TCS AI,1438,1474,1426,1447
2019-01-01,TCS AI,1601,1633,1584,1620
2019-02-01,TCS AI,1434,1458,1423,1448
2019-03-01,TCS AI,1443,1483,1432,1457
2019-04-01,TCS AI,1557,1571,1543,1547
2019-05-01,TCS AI,1395,1435,1378,1406
2019-06-01,TCS AI,1381,1419,1368,1380
2019-07-01,TCS AI,1587,1607,1568,1596
2019-08-01,TCS AI,1431,1472,1404,1414
2019-09-01,TCS AI,1470,1495,1449,1456
2019-10-01,TCS AI,1467,1515,1452,1491
2019-11-01,TCS AI,1563,1583,1533,1579
2019-12-01,TCS AI,1443,1462,1433,1444
2020-01-01,TCS AI,1522,1566,1511,1537
2020-02-01,TCS AI,1561,1608,1531,1534
2020-03-01,TCS AI,1610,1648,1592,1632
2020-04-01,TCS AI,1463,1502,1451,1451
2020-05-01,TCS AI,1400,1429,1377,1395
2020-06-01,TCS AI,1446,1473,1422,1434
2020-07-01,TCS AI,1516,1533,1490,1497
2020-08-01,TCS AI,1459,1469,1430,1436
2020-09-01,TCS AI,1601,1625,1591,1614
2020-10-01,TCS AI,1427,1466,1414,1430
2020-11-01,TCS AI,1516,1535,1492,1529
2020-12-01,TCS AI,1508,1540,1479,1521
2021-01-01,TCS AI,1444,1455,1419,1447
2021-02-01,TCS AI,1505,1534,1488,1526
2021-03-01,TCS AI,1538,1576,1514,1568
2021-04-01,TCS AI,1461,1489,1447,1451
2021-05-01,TCS AI,1679,1720,1668,1720
2021-06-01,TCS AI,1489,1522,1476,1507
2021-07-01,TCS AI,1577,1623,1562,1568
2021-08-01,TCS AI,1496,1507,1475,1497
2021-09-01,TCS AI,1587,1610,1567,1597
2021-10-01,TCS AI,1498,1528,1471,1484
2021-11-01,TCS AI,1648,1698,1620,1658
2021-12-01,TCS AI,1542,1591,1530,1531
2022-01-01,TCS AI,1552,1570,1525,1556
2022-02-01,TCS AI,1612,1635,1587,1620
2022-03-01,TCS AI,1622,1665,1605,1618
2022-04-01,TCS AI,1587,1625,1577,1605
2022-05-01,TCS AI,1652,1680,1629,1654
2022-06-01,TCS AI,1545,1584,1518,1573
2022-07-01,TCS AI,1544,1589,1531,1539
2022-08-01,TCS AI,1569,1581,1549,1554
2022-09-01,TCS AI,1522,1570,1493,1542
2022-10-01,TCS AI,1575,1601,1549,1577
2022-11-01,TCS AI,1680,1696,1653,1665
2022-12-01,TCS AI,1537,1552,1523,1550
2023-01-01,TCS AI,1600,1612,1573,1602
2023-02-01,TCS AI,1680,1694,1662,1692
2023-03-01,TCS AI,1729,1755,1715,1748
2023-04-01,TCS AI,1515,1563,1498,1522
2023-05-01,TCS AI,1539,1572,1524,1540
2023-06-01,TCS AI,1608,1621,1584,1603
2023-07-01,TCS AI,1546,1592,1517,1529
2023-08-01,TCS AI,1599,1613,1577,1611
2023-09-01,TCS AI,1619,1648,1599,1647
2023-10-01,TCS AI,1570,1587,1554,1580
2023-11-01,TCS AI,1716,1766,1686,1688
2023-12-01,TCS AI,1708,1723,1688,1723
2024-01-01,TCS AI,1579,1609,1564,1606
2024-02-01,TCS AI,1723,1744,1709,1733
2024-03-01,TCS AI,1538,1564,1515,1516
2024-04-01,TCS AI,1778,1809,1748,1794
2024-05-01,TCS AI,1704,1729,1675,1702
2024-06-01,TCS AI,1634,1654,1623,1639
2024-07-01,TCS AI,1598,1643,1588,1592
2024-08-01,TCS AI,1542,1583,1523,1577
2024-09-01,TCS AI,1587,1600,1561,1578
2024-10-01,TCS AI,1709,1745,1687,1726
2024-11-01,TCS AI,1550,1579,1533,1548
2024-12-01,TCS AI,1767,1795,1749,1771
2025-01-01,TCS AI,1620,1667,1607,1664
2025-02-01,TCS AI,1729,1778,1717,1758
2025-03-01,TCS AI,1680,1721,1670,1693
2025-04-01,TCS AI,1781,1812,1756,1761
2025-05-01,TCS AI,1663,1699,1643,1699
2025-06-01,TCS AI,1807,1820,1793,1814
2025-07-01,TCS AI,1821,1833,1794,1801
2025-08-01,TCS AI,1632,1670,1620,1645
2025-09-01,TCS AI,1817,1852,1805,1809
2025-10-01,TCS AI,1809,1833,1780,1781
2025-11-01,TCS AI,1725,1774,1701,1733
2025-12-01,TCS AI,1555,1596,1526,1592
2026-01-01,TCS AI,1612,1633,1602,1614
2026-02-01,TCS AI,1671,1703,1658,1664
2026-03-01,TCS AI,1847,1876,1825,1832
2026-04-01,TCS AI,1598,1628,1588,1621
2026-05-01,TCS AI,1777,1798,1749,1750
2026-06-01,TCS AI,1814,1850,1804,1825
2026-07-01,TCS AI,1797,1811,1787,1788
2026-08-01,TCS AI,1836,1863,1811,1851
2026-09-01,TCS AI,1669,1703,1649,1662
2026-10-01,TCS AI,1745,1774,1732,1737
2026-11-01,TCS AI,1767,1801,1755,1767
2026-12-01,TCS AI,1590,1638,1566,1599
2027-01-01,TCS AI,1704,1729,1682,1728
2027-02-01,TCS AI,1745,1786,1727,1744
2027-03-01,TCS AI,1668,1683,1638,1659
2027-04-01,TCS AI,1715,1743,1700,1722
2027-05-01,TCS AI,1774,1816,1758,1780
2027-06-01,TCS AI,1874,1899,1844,1878
2027-07-01,TCS AI,1870,1905,1840,1854
2027-08-01,TCS AI,1719,1755,1697,1726
2027-09-01,TCS AI,1842,1866,1812,1819
2027-10-01,TCS AI,1786,1797,1776,1779
2027-11-01,TCS AI,1792,1827,1766,1794
2027-12-01,TCS AI,1688,1728,1667,1674
2028-01-01,TCS AI,1877,1916,1856,1865
2028-02-01,TCS AI,1740,1780,1718,1730
2028-03-01,TCS AI,1915,1928,1888,1896
2028-04-01,TCS AI,1674,1712,1661,1681
2028-05-01,TCS AI,1918,1962,1902,1911
2028-06-01,TCS AI,1867,1916,1847,1878
2028-07-01,TCS AI,1706,1723,1677,1721
2028-08-01,TCS AI,1717,1735,1696,1729
2028-09-01,TCS AI,1645,1690,1623,1640
2028-10-01,TCS AI,1752,1789,1727,1745
2028-11-01,TCS AI,1709,1750,1689,1735
2028-12-01,TCS AI,1909,1938,1882,1931
2029-01-01,TCS AI,1771,1787,1744,1786
2029-02-01,TCS AI,1693,1721,1678,1703
2029-03-01,TCS AI,1778,1814,1757,1776
2029-04-01,TCS AI,1953,1965,1931,1955
2029-05-01,TCS AI,1747,1781,1728,1759
2029-06-01,TCS AI,1757,1800,1738,1778
2029-07-01,TCS AI,1955,1992,1938,1968
2029-08-01,TCS AI,1916,1964,1886,1941
2029-09-01,TCS AI,1906,1948,1877,1915
2029-10-01,TCS AI,1697,1708,1673,1692
2029-11-01,TCS AI,1715,1754,1693,1710
2029-12-01,TCS AI,1830,1876,1808,1832
2030-01-01,TCS AI,1911,1930,1898,1898
2030-02-01,TCS AI,1855,1878,1837,1862
2030-03-01,TCS AI,1960,1989,1946,1988
2030-04-01,TCS AI,1889,1929,1878,1905
2030-05-01,TCS AI,1830,1876,1806,1811
2030-06-01,TCS AI,1817,1856,1794,1845
2030-07-01,TCS AI,1930,1975,1914,1932
2030-08-01,TCS AI,1991,2037,1972,1986
2030-09-01,TCS AI,1714,1749,1702,1735
2030-10-01,TCS AI,1847,1873,1818,1873
2030-11-01,TCS AI,1968,1978,1954,1970
2030-12-01,TCS AI,1714,1734,1697,1724
1990-01-01,TCS Banking,564,609,534,592
1990-02-01,TCS Banking,568,595,540,542
1990-03-01,TCS Banking,523,567,513,518
1990-04-01,TCS Banking,506,537,493,503
1990-05-01,TCS Banking,515,544,491,522
1990-06-01,TCS Banking,580,615,560,591
1990-07-01,TCS Banking,595,608,569,603
1990-08-01,TCS Banking,589,601,571,573
1990-09-01,TCS Banking,513,545,490,530
1990-10-01,TCS Banking,529,570,500,523
1990-11-01,TCS Banking,535,584,523,538
1990-12-01,TCS Banking,539,570,511,519
1991-01-01,TCS Banking,558,603,548,580
1991-02-01,TCS Banking,536,559,515,549
1991-03-01,TCS Banking,620,668,598,636
1991-04-01,TCS Banking,634,658,607,653
1991-05-01,TCS Banking,588,607,576,586
1991-06-01,TCS Banking,582,619,564,566
1991-07-01,TCS Banking,613,650,583,606
1991-08-01,TCS Banking,585,595,564,580
1991-09-01,TCS Banking,575,624,555,555
1991-10-01,TCS Banking,628,661,600,622
1991-11-01,TCS Banking,627,641,603,621
1991-12-01,TCS Banking,540,570,527,545
1992-01-01,TCS Banking,599,627,583,621
1992-02-01,TCS Banking,624,674,606,651
1992-03-01,TCS Banking,660,698,647,669
1992-04-01,TCS Banking,667,707,654,688
1992-05-01,TCS Banking,664,713,651,675
1992-06-01,TCS Banking,641,666,613,627
1992-07-01,TCS Banking,562,581,536,575
1992-08-01,TCS Banking,588,632,567,582
1992-09-01,TCS Banking,595,607,571,596
1992-10-01,TCS Banking,670,701,656,683
1992-11-01,TCS Banking,623,651,604,630
1992-12-01,TCS Banking,665,692,653,681
1993-01-01,TCS Banking,611,640,585,585
1993-02-01,TCS Banking,623,644,611,627
1993-03-01,TCS Banking,690,707,674,677
1993-04-01,TCS Banking,597,641,567,580
1993-05-01,TCS Banking,592,605,579,600
1993-06-01,TCS Banking,688,714,671,685
1993-07-01,TCS Banking,684,695,664,682
1993-08-01,TCS Banking,590,609,575,586
1993-09-01,TCS Banking,634,675,615,643
1993-10-01,TCS Banking,634,680,613,673
1993-11-01,TCS Banking,683,696,657,684
1993-12-01,TCS Banking,628,670,617,643
1994-01-01,TCS Banking,687,732,662,703
1994-02-01,TCS Banking,630,664,616,645
1994-03-01,TCS Banking,645,694,621,644
1994-04-01,TCS Banking,723,744,706,725
1994-05-01,TCS Banking,697,739,676,739
1994-06-01,TCS Banking,661,676,644,660
1994-07-01,TCS Banking,645,683,628,657
1994-08-01,TCS Banking,730,773,715,739
1994-09-01,TCS Banking,736,759,722,733
1994-10-01,TCS Banking,740,752,717,745
1994-11-01,TCS Banking,660,692,637,641
1994-12-01,TCS Banking,715,744,697,706
1995-01-01,TCS Banking,700,714,687,706
1995-02-01,TCS Banking,709,731,695,721
1995-03-01,TCS Banking,714,724,692,721
1995-04-01,TCS Banking,688,735,666,698
1995-05-01,TCS Banking,720,751,705,729
1995-06-01,TCS Banking,675,695,658,685
1995-07-01,TCS Banking,771,812,760,792
1995-08-01,TCS Banking,672,706,658,686
1995-09-01,TCS Banking,707,737,694,705
1995-10-01,TCS Banking,721,759,697,703
1995-11-01,TCS Banking,714,733,692,717
1995-12-01,TCS Banking,740,769,712,745
1996-01-01,TCS Banking,689,700,661,700
1996-02-01,TCS Banking,681,706,663,690
1996-03-01,TCS Banking,778,812,748,799
1996-04-01,TCS Banking,726,762,708,755
1996-05-01,TCS Banking,695,735,669,705
1996-06-01,TCS Banking,718,757,702,756
1996-07-01,TCS Banking,692,737,662,699
1996-08-01,TCS Banking,741,765,719,758
1996-09-01,TCS Banking,729,741,705,712
1996-10-01,TCS Banking,810,851,790,824
1996-11-01,TCS Banking,806,837,779,833
1996-12-01,TCS Banking,685,712,668,693
1997-01-01,TCS Banking,742,769,725,761
1997-02-01,TCS Banking,845,859,824,856
1997-03-01,TCS Banking,743,780,730,758
1997-04-01,TCS Banking,755,792,725,745
1997-05-01,TCS Banking,722,747,704,746
1997-06-01,TCS Banking,791,834,780,796
1997-07-01,TCS Banking,723,759,706,716
1997-08-01,TCS Banking,836,881,820,850
1997-09-01,TCS Banking,782,809,763,786
1997-10-01,TCS Banking,728,755,715,721
1997-11-01,TCS Banking,727,757,714,720
1997-12-01,TCS Banking,820,832,795,798
1998-01-01,TCS Banking,749,795,720,783
1998-02-01,TCS Banking,842,868,831,854
1998-03-01,TCS Banking,831,844,807,820
1998-04-01,TCS Banking,832,878,811,850
1998-05-01,TCS Banking,753,777,731,762
1998-06-01,TCS Banking,775,814,758,792
1998-07-01,TCS Banking,859,871,843,857
1998-08-01,TCS Banking,797,843,767,788
1998-09-01,TCS Banking,745,790,734,766
1998-10-01,TCS Banking,809,850,797,813
1998-11-01,TCS Banking,811,821,789,802
1998-12-01,TCS Banking,774,803,757,780
1999-01-01,TCS Banking,820,861,806,815
1999-02-01,TCS Banking,867,900,841,857
1999-03-01,TCS Banking,882,892,866,884
1999-04-01,TCS Banking,904,950,888,888
1999-05-01,TCS Banking,825,845,805,822
1999-06-01,TCS Banking,863,878,852,852
1999-07-01,TCS Banking,844,877,826,831
1999-08-01,TCS Banking,779,817,753,800
1999-09-01,TCS Banking,896,911,882,891
1999-10-01,TCS Banking,878,891,854,859
1999-11-01,TCS Banking,883,922,858,904
1999-12-01,TCS Banking,825,872,801,839
2000-01-01,TCS Banking,865,910,850,890
2000-02-01,TCS Banking,920,942,894,938
2000-03-01,TCS Banking,832,855,813,814
2000-04-01,TCS Banking,920,952,901,907
2000-05-01,TCS Banking,929,943,908,927
2000-06-01,TCS Banking,804,835,782,822
2000-07-01,TCS Banking,815,862,803,861
2000-08-01,TCS Banking,837,882,808,851
2000-09-01,TCS Banking,800,850,780,803
2000-10-01,TCS Banking,853,898,841,881
2000-11-01,TCS Banking,812,824,793,802
2000-12-01,TCS Banking,896,921,873,909
2001-01-01,TCS Banking,878,916,862,892
2001-02-01,TCS Banking,959,987,934,956
2001-03-01,TCS Banking,945,984,926,959
2001-04-01,TCS Banking,869,880,843,844
2001-05-01,TCS Banking,899,941,876,911
2001-06-01,TCS Banking,862,893,835,852
2001-07-01,TCS Banking,932,964,910,940
2001-08-01,TCS Banking,834,849,811,835
2001-09-01,TCS Banking,897,938,883,911
2001-10-01,TCS Banking,873,914,859,877
2001-11-01,TCS Banking,941,990,914,987
2001-12-01,TCS Banking,909,944,898,914
2002-01-01,TCS Banking,957,986,930,979
2002-02-01,TCS Banking,939,952,918,929
2002-03-01,TCS Banking,967,991,941,952
2002-04-01,TCS Banking,868,902,851,880
2002-05-01,TCS Banking,878,890,862,885
2002-06-01,TCS Banking,990,1004,976,1001
2002-07-01,TCS Banking,866,914,856,906
2002-08-01,TCS Banking,889,935,879,916
2002-09-01,TCS Banking,900,948,883,939
2002-10-01,TCS Banking,956,1003,940,995
2002-11-01,TCS Banking,934,947,922,944
2002-12-01,TCS Banking,1009,1028,982,998
2003-01-01,TCS Banking,942,955,912,935
2003-02-01,TCS Banking,993,1010,969,973
2003-03-01,TCS Banking,1038,1086,1016,1017
2003-04-01,TCS Banking,904,942,890,907
2003-05-01,TCS Banking,897,947,869,891
2003-06-01,TCS Banking,901,933,886,890
2003-07-01,TCS Banking,912,961,889,937
2003-08-01,TCS Banking,1006,1049,978,1006
2003-09-01,TCS Banking,986,1014,972,999
2003-10-01,TCS Banking,896,912,883,884
2003-11-01,TCS Banking,893,906,880,902
2003-12-01,TCS Banking,957,988,943,960
2004-01-01,TCS Banking,927,966,917,939
2004-02-01,TCS Banking,944,988,921,930
2004-03-01,TCS Banking,1047,1059,1028,1044
2004-04-01,TCS Banking,1055,1069,1037,1052
2004-05-01,TCS Banking,1040,1067,1014,1025
2004-06-01,TCS Banking,967,1005,953,974
2004-07-01,TCS Banking,942,974,927,950
2004-08-01,TCS Banking,1026,1061,1012,1051
2004-09-01,TCS Banking,1059,1089,1039,1084
2004-10-01,TCS Banking,1075,1111,1052,1061
2004-11-01,TCS Banking,1055,1080,1032,1076
2004-12-01,TCS Banking,1055,1068,1035,1059
2005-01-01,TCS Banking,1104,1151,1094,1132
2005-02-01,TCS Banking,984,1025,958,960
2005-03-01,TCS Banking,993,1012,969,1010
2005-04-01,TCS Banking,1000,1041,980,1038
2005-05-01,TCS Banking,1079,1113,1055,1061
2005-06-01,TCS Banking,1063,1108,1035,1038
2005-07-01,TCS Banking,1038,1049,1008,1031
2005-08-01,TCS Banking,1011,1047,996,1010
2005-09-01,TCS Banking,1123,1161,1113,1161
2005-10-01,TCS Banking,1114,1153,1092,1108
2005-11-01,TCS Banking,997,1033,981,1023
2005-12-01,TCS Banking,979,992,949,973
2006-01-01,TCS Banking,1095,1141,1077,1094
2006-02-01,TCS Banking,1089,1107,1074,1075
2006-03-01,TCS Banking,1088,1137,1062,1133
2006-04-01,TCS Banking,1028,1049,1002,1043
2006-05-01,TCS Banking,1097,1134,1067,1129
2006-06-01,TCS Banking,1059,1094,1041,1071
2006-07-01,TCS Banking,1003,1041,974,1013
2006-08-01,TCS Banking,1028,1038,1004,1013
2006-09-01,TCS Banking,1103,1139,1078,1125
2006-10-01,TCS Banking,1087,1134,1064,1084
2006-11-01,TCS Banking,1059,1101,1046,1053
2006-12-01,TCS Banking,1133,1153,1105,1142
2007-01-01,TCS Banking,1084,1126,1058,1102
2007-02-01,TCS Banking,1068,1111,1051,1094
2007-03-01,TCS Banking,1047,1070,1034,1064
2007-04-01,TCS Banking,1085,1121,1067,1086
2007-05-01,TCS Banking,1150,1178,1122,1144
2007-06-01,TCS Banking,1125,1162,1111,1127
2007-07-01,TCS Banking,1108,1127,1085,1127
2007-08-01,TCS Banking,1135,1155,1112,1146
2007-09-01,TCS Banking,1081,1097,1051,1083
2007-10-01,TCS Banking,1034,1051,1011,1042
2007-11-01,TCS Banking,1195,1225,1170,1180
2007-12-01,TCS Banking,1084,1116,1069,1079
2008-01-01,TCS Banking,1229,1272,1199,1220
2008-02-01,TCS Banking,1059,1107,1033,1072
2008-03-01,TCS Banking,1172,1220,1153,1188
2008-04-01,TCS Banking,1140,1159,1117,1128
2008-05-01,TCS Banking,1121,1131,1101,1113
2008-06-01,TCS Banking,1174,1188,1161,1172
2008-07-01,TCS Banking,1124,1166,1114,1128
2008-08-01,TCS Banking,1071,1098,1047,1050
2008-09-01,TCS Banking,1119,1167,1106,1166
2008-10-01,TCS Banking,1064,1108,1042,1107
2008-11-01,TCS Banking,1157,1202,1138,1148
2008-12-01,TCS Banking,1160,1189,1146,1175
2009-01-01,TCS Banking,1193,1219,1182,1195
2009-02-01,TCS Banking,1208,1247,1189,1228
2009-03-01,TCS Banking,1099,1111,1070,1075
2009-04-01,TCS Banking,1097,1112,1069,1084
2009-05-01,TCS Banking,1168,1192,1145,1189
2009-06-01,TCS Banking,1158,1206,1128,1201
2009-07-01,TCS Banking,1119,1163,1099,1138
2009-08-01,TCS Banking,1236,1266,1224,1265
2009-09-01,TCS Banking,1086,1128,1070,1126
2009-10-01,TCS Banking,1176,1210,1154,1200
2009-11-01,TCS Banking,1114,1161,1094,1160
2009-12-01,TCS Banking,1213,1241,1190,1208
2010-01-01,TCS Banking,1216,1243,1188,1243
2010-02-01,TCS Banking,1294,1323,1282,1282
2010-03-01,TCS Banking,1227,1245,1210,1213
2010-04-01,TCS Banking,1118,1132,1091,1115
2010-05-01,TCS Banking,1259,1288,1247,1286
2010-06-01,TCS Banking,1289,1307,1261,1261
2010-07-01,TCS Banking,1210,1230,1200,1224
2010-08-01,TCS Banking,1112,1151,1082,1100
2010-09-01,TCS Banking,1289,1300,1268,1279
2010-10-01,TCS Banking,1289,1319,1268,1288
2010-11-01,TCS Banking,1214,1242,1200,1209
2010-12-01,TCS Banking,1234,1255,1214,1232
2011-01-01,TCS Banking,1197,1235,1179,1181
2011-02-01,TCS Banking,1286,1330,1271,1329
2011-03-01,TCS Banking,1301,1324,1285,1297
2011-04-01,TCS Banking,1321,1336,1296,1299
2011-05-01,TCS Banking,1201,1228,1180,1202
2011-06-01,TCS Banking,1319,1335,1293,1316
2011-07-01,TCS Banking,1160,1171,1135,1162
2011-08-01,TCS Banking,1307,1339,1280,1295
2011-09-01,TCS Banking,1333,1350,1315,1336
2011-10-01,TCS Banking,1277,1307,1258,1307
2011-11-01,TCS Banking,1296,1309,1281,1296
2011-12-01,TCS Banking,1149,1181,1120,1149
2012-01-01,TCS Banking,1215,1258,1203,1230
2012-02-01,TCS Banking,1277,1306,1267,1297
2012-03-01,TCS Banking,1304,1319,1275,1312
2012-04-01,TCS Banking,1249,1284,1234,1278
2012-05-01,TCS Banking,1327,1352,1297,1304
2012-06-01,TCS Banking,1209,1257,1180,1238
2012-07-01,TCS Banking,1265,1314,1240,1259
2012-08-01,TCS Banking,1174,1205,1151,1196
2012-09-01,TCS Banking,1187,1231,1177,1189
2012-10-01,TCS Banking,1182,1230,1157,1169
2012-11-01,TCS Banking,1215,1264,1192,1233
2012-12-01,TCS Banking,1164,1201,1150,1190
2013-01-01,TCS Banking,1272,1310,1250,1289
2013-02-01,TCS Banking,1258,1306,1237,1272
2013-03-01,TCS Banking,1201,1251,1187,1221
2013-04-01,TCS Banking,1287,1307,1268,1271
2013-05-01,TCS Banking,1365,1381,1353,1365
2013-06-01,TCS Banking,1310,1326,1280,1308
2013-07-01,TCS Banking,1393,1406,1374,1387
2013-08-01,TCS Banking,1226,1242,1214,1234
2013-09-01,TCS Banking,1333,1373,1312,1345
2013-10-01,TCS Banking,1344,1374,1326,1343
2013-11-01,TCS Banking,1304,1315,1294,1309
2013-12-01,TCS Banking,1383,1400,1367,1386
2014-01-01,TCS Banking,1390,1413,1376,1406
2014-02-01,TCS Banking,1318,1355,1307,1353
2014-03-01,TCS Banking,1347,1396,1333,1384
2014-04-01,TCS Banking,1387,1414,1372,1389
2014-05-01,TCS Banking,1440,1454,1429,1452
2014-06-01,TCS Banking,1423,1433,1408,1428
2014-07-01,TCS Banking,1328,1378,1301,1351
2014-08-01,TCS Banking,1294,1330,1276,1320
2014-09-01,TCS Banking,1345,1387,1330,1382
2014-10-01,TCS Banking,1360,1399,1340,1352
2014-11-01,TCS Banking,1402,1435,1389,1416
2014-12-01,TCS Banking,1424,1440,1395,1438
2015-01-01,TCS Banking,1458,1499,1438,1481
2015-02-01,TCS Banking,1312,1357,1294,1351
2015-03-01,TCS Banking,1378,1390,1364,1384
2015-04-01,TCS Banking,1426,1460,1416,1437
2015-05-01,TCS Banking,1323,1351,1297,1350
2015-06-01,TCS Banking,1472,1491,1442,1489
2015-07-01,TCS Banking,1332,1377,1304,1328
2015-08-01,TCS Banking,1272,1303,1248,1278
2015-09-01,TCS Banking,1259,1276,1234,1269
2015-10-01,TCS Banking,1384,1400,1355,1362
2015-11-01,TCS Banking,1279,1311,1267,1302
2015-12-01,TCS Banking,1397,1439,1381,1430
2016-01-01,TCS Banking,1371,1383,1353,1374
2016-02-01,TCS Banking,1319,1364,1303,1316
2016-03-01,TCS Banking,1456,1502,1430,1498
2016-04-01,TCS Banking,1392,1426,1367,1401
2016-05-01,TCS Banking,1327,1362,1304,1310
2016-06-01,TCS Banking,1282,1296,1257,1271
2016-07-01,TCS Banking,1284,1309,1265,1307
2016-08-01,TCS Banking,1312,1350,1288,1348
2016-09-01,TCS Banking,1302,1352,1275,1333
2016-10-01,TCS Banking,1439,1464,1414,1460
2016-11-01,TCS Banking,1414,1463,1391,1412
2016-12-01,TCS Banking,1506,1556,1479,1530
2017-01-01,TCS Banking,1454,1495,1430,1457
2017-02-01,TCS Banking,1361,1411,1341,1409
2017-03-01,TCS Banking,1498,1543,1485,1500
2017-04-01,TCS Banking,1338,1361,1327,1356
2017-05-01,TCS Banking,1354,1383,1329,1343
2017-06-01,TCS Banking,1405,1438,1393,1417
2017-07-01,TCS Banking,1427,1475,1409,1416
2017-08-01,TCS Banking,1349,1389,1335,1389
2017-09-01,TCS Banking,1318,1350,1304,1334
2017-10-01,TCS Banking,1463,1499,1440,1492
2017-11-01,TCS Banking,1494,1513,1475,1488
2017-12-01,TCS Banking,1360,1373,1335,1348
2018-01-01,TCS Banking,1529,1567,1502,1550
2018-02-01,TCS Banking,1483,1520,1468,1511
2018-03-01,TCS Banking,1556,1604,1541,1569
2018-04-01,TCS Banking,1514,1528,1493,1520
2018-05-01,TCS Banking,1466,1479,1443,1464
2018-06-01,TCS Banking,1513,1545,1499,1522
2018-07-01,TCS Banking,1503,1548,1486,1527
2018-08-01,TCS Banking,1422,1468,1410,1465
2018-09-01,TCS Banking,1478,1504,1466,1481
2018-10-01,TCS Banking,1469,1496,1450,1481
2018-11-01,TCS Banking,1389,1407,1364,1393
2018-12-01,TCS Banking,1534,1563,1522,1544
2019-01-01,TCS Banking,1501,1516,1481,1506
2019-02-01,TCS Banking,1592,1622,1562,1581
2019-03-01,TCS Banking,1405,1426,1393,1404
2019-04-01,TCS Banking,1613,1658,1603,1614
2019-05-01,TCS Banking,1477,1505,1466,1501
2019-06-01,TCS Banking,1391,1418,1363,1393
2019-07-01,TCS Banking,1431,1444,1411,1430
2019-08-01,TCS Banking,1416,1457,1404,1410
2019-09-01,TCS Banking,1472,1493,1449,1461
2019-10-01,TCS Banking,1520,1530,1493,1497
2019-11-01,TCS Banking,1529,1550,1500,1540
2019-12-01,TCS Banking,1581,1594,1566,1589
2020-01-01,TCS Banking,1634,1656,1608,1622
2020-02-01,TCS Banking,1617,1650,1604,1642
2020-03-01,TCS Banking,1435,1451,1411,1446
2020-04-01,TCS Banking,1534,1560,1523,1555
2020-05-01,TCS Banking,1508,1558,1493,1545
2020-06-01,TCS Banking,1624,1642,1596,1628
2020-07-01,TCS Banking,1537,1582,1516,1529
2020-08-01,TCS Banking,1402,1430,1389,1393
2020-09-01,TCS Banking,1599,1640,1576,1577
2020-10-01,TCS Banking,1558,1589,1543,1570
2020-11-01,TCS Banking,1406,1425,1385,1410
2020-12-01,TCS Banking,1618,1637,1598,1617
2021-01-01,TCS Banking,1442,1473,1430,1444
2021-02-01,TCS Banking,1578,1607,1554,1573
2021-03-01,TCS Banking,1628,1648,1616,1638
2021-04-01,TCS Banking,1549,1590,1537,1549
2021-05-01,TCS Banking,1640,1654,1611,1633
2021-06-01,TCS Banking,1587,1631,1561,1568
2021-07-01,TCS Banking,1500,1517,1490,1513
2021-08-01,TCS Banking,1613,1658,1586,1638
2021-09-01,TCS Banking,1475,1518,1456,1507
2021-10-01,TCS Banking,1678,1691,1655,1666
2021-11-01,TCS Banking,1568,1583,1540,1577
2021-12-01,TCS Banking,1581,1606,1558,1574
2022-01-01,TCS Banking,1612,1644,1592,1596
2022-02-01,TCS Banking,1625,1668,1603,1651
2022-03-01,TCS Banking,1483,1521,1463,1467
2022-04-01,TCS Banking,1470,1493,1444,1478
2022-05-01,TCS Banking,1595,1612,1570,1585
2022-06-01,TCS Banking,1484,1527,1464,1479
2022-07-01,TCS Banking,1671,1698,1642,1654
2022-08-01,TCS Banking,1520,1541,1495,1497
2022-09-01,TCS Banking,1641,1659,1612,1641
2022-10-01,TCS Banking,1669,1691,1656,1657
2022-11-01,TCS Banking,1680,1711,1670,1706
2022-12-01,TCS Banking,1536,1575,1515,1537
2023-01-01,TCS Banking,1648,1658,1635,1635
2023-02-01,TCS Banking,1577,1602,1565,1581
2023-03-01,TCS Banking,1561,1589,1542,1577
2023-04-01,TCS Banking,1561,1581,1531,1540
2023-05-01,TCS Banking,1688,1728,1662,1715
2023-06-01,TCS Banking,1691,1731,1665,1727
2023-07-01,TCS Banking,1647,1697,1625,1676
2023-08-01,TCS Banking,1563,1591,1541,1584
2023-09-01,TCS Banking,1532,1555,1519,1525
2023-10-01,TCS Banking,1722,1770,1709,1762
2023-11-01,TCS Banking,1680,1711,1655,1691
2023-12-01,TCS Banking,1678,1695,1650,1684
2024-01-01,TCS Banking,1637,1663,1607,1641
2024-02-01,TCS Banking,1741,1776,1717,1723
2024-03-01,TCS Banking,1626,1651,1610,1650
2024-04-01,TCS Banking,1715,1761,1701,1725
2024-05-01,TCS Banking,1607,1618,1588,1609
2024-06-01,TCS Banking,1750,1783,1721,1773
2024-07-01,TCS Banking,1528,1554,1518,1520
2024-08-01,TCS Banking,1760,1791,1741,1754
2024-09-01,TCS Banking,1733,1780,1723,1770
2024-10-01,TCS Banking,1629,1663,1613,1656
2024-11-01,TCS Banking,1768,1806,1758,1794
2024-12-01,TCS Banking,1703,1738,1679,1708
2025-01-01,TCS Banking,1568,1587,1556,1560
2025-02-01,TCS Banking,1764,1774,1749,1768
2025-03-01,TCS Banking,1646,1686,1632,1653
2025-04-01,TCS Banking,1660,1697,1633,1666
2025-05-01,TCS Banking,1743,1776,1730,1772
2025-06-01,TCS Banking,1769,1783,1753,1770
2025-07-01,TCS Banking,1589,1611,1560,1589
2025-08-01,TCS Banking,1719,1762,1696,1751
2025-09-01,TCS Banking,1647,1673,1621,1632
2025-10-01,TCS Banking,1823,1833,1799,1799
2025-11-01,TCS Banking,1734,1751,1720,1730
2025-12-01,TCS Banking,1803,1839,1777,1796
2026-01-01,TCS Banking,1584,1595,1565,1585
2026-02-01,TCS Banking,1614,1624,1592,1614
2026-03-01,TCS Banking,1588,1615,1571,1580
2026-04-01,TCS Banking,1816,1857,1802,1840
2026-05-01,TCS Banking,1812,1839,1783,1816
2026-06-01,TCS Banking,1724,1749,1704,1716
2026-07-01,TCS Banking,1848,1885,1830,1863
2026-08-01,TCS Banking,1670,1684,1660,1662
2026-09-01,TCS Banking,1691,1705,1676,1703
2026-10-01,TCS Banking,1804,1831,1782,1810
2026-11-01,TCS Banking,1726,1759,1698,1702
2026-12-01,TCS Banking,1642,1669,1632,1652
2027-01-01,TCS Banking,1644,1684,1622,1639
2027-02-01,TCS Banking,1630,1657,1609,1650
2027-03-01,TCS Banking,1891,1935,1871,1923
2027-04-01,TCS Banking,1894,1911,1884,1887
2027-05-01,TCS Banking,1850,1863,1829,1861
2027-06-01,TCS Banking,1649,1695,1635,1680
2027-07-01,TCS Banking,1622,1641,1593,1631
2027-08-01,TCS Banking,1827,1849,1802,1823
2027-09-01,TCS Banking,1828,1865,1800,1824
2027-10-01,TCS Banking,1853,1900,1835,1892
2027-11-01,TCS Banking,1746,1766,1722,1732
2027-12-01,TCS Banking,1882,1928,1869,1880
2028-01-01,TCS Banking,1911,1953,1885,1895
2028-02-01,TCS Banking,1827,1849,1806,1831
2028-03-01,TCS Banking,1867,1888,1848,1865
2028-04-01,TCS Banking,1655,1692,1637,1643
2028-05-01,TCS Banking,1848,1881,1825,1881
2028-06-01,TCS Banking,1822,1838,1811,1823
2028-07-01,TCS Banking,1802,1818,1786,1787
2028-08-01,TCS Banking,1670,1700,1658,1698
2028-09-01,TCS Banking,1901,1944,1880,1931
2028-10-01,TCS Banking,1900,1911,1887,1889
2028-11-01,TCS Banking,1791,1841,1766,1820
2028-12-01,TCS Banking,1755,1793,1732,1792
2029-01-01,TCS Banking,1671,1693,1651,1681
2029-02-01,TCS Banking,1869,1913,1849,1869
2029-03-01,TCS Banking,1759,1792,1736,1746
2029-04-01,TCS Banking,1768,1808,1738,1786
2029-05-01,TCS Banking,1957,1971,1943,1964
2029-06-01,TCS Banking,1770,1810,1743,1755
2029-07-01,TCS Banking,1679,1713,1651,1690
2029-08-01,TCS Banking,1954,1993,1932,1975
2029-09-01,TCS Banking,1866,1907,1843,1889
2029-10-01,TCS Banking,1965,1982,1955,1961
2029-11-01,TCS Banking,1762,1803,1752,1769
2029-12-01,TCS Banking,1953,1991,1941,1974
2030-01-01,TCS Banking,1899,1940,1875,1914
2030-02-01,TCS Banking,1953,1980,1934,1960
2030-03-01,TCS Banking,1929,1954,1913,1926
2030-04-01,TCS Banking,1814,1858,1801,1814
2030-05-01,TCS Banking,1856,1882,1839,1860
2030-06-01,TCS Banking,1997,2020,1980,2013
2030-07-01,TCS Banking,1798,1808,1786,1790
2030-08-01,TCS Banking,1933,1966,1915,1916
2030-09-01,TCS Banking,1837,1854,1815,1817
2030-10-01,TCS Banking,1751,1778,1738,1738
2030-11-01,TCS Banking,1890,1905,1860,1860
2030-12-01,TCS Banking,1956,1973,1945,1962
1990-01-01,TCS Infra,533,559,513,520
1990-02-01,TCS Infra,569,597,552,569
1990-03-01,TCS Infra,574,620,561,572
1990-04-01,TCS Infra,587,612,573,594
1990-05-01,TCS Infra,588,604,564,585
1990-06-01,TCS Infra,554,568,544,544
1990-07-01,TCS Infra,591,641,575,605
1990-08-01,TCS Infra,528,549,516,526
1990-09-01,TCS Infra,577,625,567,584
1990-10-01,TCS Infra,523,558,500,510
1990-11-01,TCS Infra,510,532,498,512
1990-12-01,TCS Infra,544,586,534,560
1991-01-01,TCS Infra,588,619,574,575
1991-02-01,TCS Infra,620,642,590,616
1991-03-01,TCS Infra,604,626,594,622
1991-04-01,TCS Infra,602,619,591,613
1991-05-01,TCS Infra,615,628,598,603
1991-06-01,TCS Infra,613,630,594,621
1991-07-01,TCS Infra,631,664,613,637
1991-08-01,TCS Infra,535,562,525,531
1991-09-01,TCS Infra,579,602,551,569
1991-10-01,TCS Infra,605,650,588,637
1991-11-01,TCS Infra,615,635,585,596
1991-12-01,TCS Infra,542,590,530,536
1992-01-01,TCS Infra,646,674,619,644
1992-02-01,TCS Infra,621,653,591,651
1992-03-01,TCS Infra,637,680,612,651
1992-04-01,TCS Infra,571,600,556,567
1992-05-01,TCS Infra,606,653,595,640
1992-06-01,TCS Infra,639,689,625,662
1992-07-01,TCS Infra,562,581,541,567
1992-08-01,TCS Infra,619,668,609,626
1992-09-01,TCS Infra,582,600,558,581
1992-10-01,TCS Infra,616,662,597,661
1992-11-01,TCS Infra,583,613,569,610
1992-12-01,TCS Infra,654,685,634,658
1993-01-01,TCS Infra,661,709,647,689
1993-02-01,TCS Infra,634,676,604,643
1993-03-01,TCS Infra,599,645,573,645
1993-04-01,TCS Infra,688,708,661,674
1993-05-01,TCS Infra,697,742,679,724
1993-06-01,TCS Infra,637,664,619,633
1993-07-01,TCS Infra,669,692,646,647
1993-08-01,TCS Infra,612,636,593,601
1993-09-01,TCS Infra,614,643,604,639
1993-10-01,TCS Infra,595,633,569,610
1993-11-01,TCS Infra,689,723,669,706
1993-12-01,TCS Infra,692,710,678,695
1994-01-01,TCS Infra,647,670,630,663
1994-02-01,TCS Infra,625,655,615,639
1994-03-01,TCS Infra,717,758,700,711
1994-04-01,TCS Infra,638,680,625,652
1994-05-01,TCS Infra,645,674,625,632
1994-06-01,TCS Infra,669,690,646,656
1994-07-01,TCS Infra,646,674,620,643
1994-08-01,TCS Infra,704,723,689,717
1994-09-01,TCS Infra,709,721,686,689
1994-10-01,TCS Infra,697,724,673,698
1994-11-01,TCS Infra,679,693,650,660
1994-12-01,TCS Infra,662,686,644,675
1995-01-01,TCS Infra,671,687,646,650
1995-02-01,TCS Infra,768,805,755,774
1995-03-01,TCS Infra,655,671,636,665
1995-04-01,TCS Infra,688,712,672,675
1995-05-01,TCS Infra,732,768,709,724
1995-06-01,TCS Infra,654,689,643,679
1995-07-01,TCS Infra,653,669,624,637
1995-08-01,TCS Infra,731,780,701,713
1995-09-01,TCS Infra,699,733,672,718
1995-10-01,TCS Infra,665,697,646,691
1995-11-01,TCS Infra,661,710,641,658
1995-12-01,TCS Infra,676,712,653,681
1996-01-01,TCS Infra,750,775,726,741
1996-02-01,TCS Infra,736,752,709,732
1996-03-01,TCS Infra,711,758,691,718
1996-04-01,TCS Infra,702,743,678,737
1996-05-01,TCS Infra,696,740,677,697
1996-06-01,TCS Infra,770,810,744,775
1996-07-01,TCS Infra,770,782,750,755
1996-08-01,TCS Infra,734,780,710,736
1996-09-01,TCS Infra,806,839,793,799
1996-10-01,TCS Infra,709,746,683,725
1996-11-01,TCS Infra,741,758,722,730
1996-12-01,TCS Infra,787,834,774,830
1997-01-01,TCS Infra,823,868,797,855
1997-02-01,TCS Infra,816,841,797,814
1997-03-01,TCS Infra,768,813,754,789
1997-04-01,TCS Infra,816,838,793,802
1997-05-01,TCS Infra,813,848,797,800
1997-06-01,TCS Infra,715,763,691,756
1997-07-01,TCS Infra,783,805,765,780
1997-08-01,TCS Infra,742,775,730,774
1997-09-01,TCS Infra,712,737,689,704
1997-10-01,TCS Infra,793,828,778,791
1997-11-01,TCS Infra,728,770,709,731
1997-12-01,TCS Infra,826,856,803,851
1998-01-01,TCS Infra,874,918,860,891
1998-02-01,TCS Infra,755,804,733,750
1998-03-01,TCS Infra,793,837,772,831
1998-04-01,TCS Infra,781,824,759,788
1998-05-01,TCS Infra,813,825,788,817
1998-06-01,TCS Infra,870,881,860,865
1998-07-01,TCS Infra,765,812,746,768
1998-08-01,TCS Infra,771,802,741,745
1998-09-01,TCS Infra,795,831,771,787
1998-10-01,TCS Infra,825,868,800,864
1998-11-01,TCS Infra,839,856,814,844
1998-12-01,TCS Infra,852,875,824,859
1999-01-01,TCS Infra,782,821,765,789
1999-02-01,TCS Infra,771,802,743,745
1999-03-01,TCS Infra,854,899,827,827
1999-04-01,TCS Infra,836,884,826,829
1999-05-01,TCS Infra,903,929,874,879
1999-06-01,TCS Infra,800,841,773,841
1999-07-01,TCS Infra,906,926,895,909
1999-08-01,TCS Infra,871,907,851,859
1999-09-01,TCS Infra,915,963,893,943
1999-10-01,TCS Infra,837,865,816,849
1999-11-01,TCS Infra,915,940,886,888
1999-12-01,TCS Infra,892,919,874,896
2000-01-01,TCS Infra,875,925,850,854
2000-02-01,TCS Infra,847,887,828,848
2000-03-01,TCS Infra,902,948,879,896
2000-04-01,TCS Infra,883,910,863,890
2000-05-01,TCS Infra,845,885,829,849
2000-06-01,TCS Infra,852,870,826,852
2000-07-01,TCS Infra,831,841,821,823
2000-08-01,TCS Infra,835,861,825,828
2000-09-01,TCS Infra,926,960,906,926
2000-10-01,TCS Infra,894,934,883,900
2000-11-01,TCS Infra,943,984,932,950
2000-12-01,TCS Infra,894,942,864,883
2001-01-01,TCS Infra,872,884,854,878
2001-02-01,TCS Infra,977,1017,949,994
2001-03-01,TCS Infra,896,914,886,910
2001-04-01,TCS Infra,981,998,965,976
2001-05-01,TCS Infra,855,897,839,864
2001-06-01,TCS Infra,890,921,868,885
2001-07-01,TCS Infra,836,846,817,827
2001-08-01,TCS Infra,948,969,926,932
2001-09-01,TCS Infra,885,920,865,897
2001-10-01,TCS Infra,982,1014,965,1008
2001-11-01,TCS Infra,964,992,951,976
2001-12-01,TCS Infra,903,941,879,896
2002-01-01,TCS Infra,939,951,925,934
2002-02-01,TCS Infra,970,996,954,994
2002-03-01,TCS Infra,887,906,868,878
2002-04-01,TCS Infra,987,1000,958,968
2002-05-01,TCS Infra,1019,1061,999,1020
2002-06-01,TCS Infra,965,980,940,970
2002-07-01,TCS Infra,865,894,854,882
2002-08-01,TCS Infra,871,902,846,869
2002-09-01,TCS Infra,901,927,876,907
2002-10-01,TCS Infra,1012,1029,985,999
2002-11-01,TCS Infra,1010,1058,990,1031
2002-12-01,TCS Infra,1003,1045,987,1013
2003-01-01,TCS Infra,954,996,940,975
2003-02-01,TCS Infra,934,978,921,961
2003-03-01,TCS Infra,1031,1044,1006,1017
2003-04-01,TCS Infra,904,921,879,894
2003-05-01,TCS Infra,983,1022,971,995
2003-06-01,TCS Infra,1012,1043,994,1016
2003-07-01,TCS Infra,981,1031,968,988
2003-08-01,TCS Infra,1013,1032,991,996
2003-09-01,TCS Infra,925,952,898,936
2003-10-01,TCS Infra,893,927,878,891
2003-11-01,TCS Infra,1046,1087,1016,1060
2003-12-01,TCS Infra,973,985,951,951
2004-01-01,TCS Infra,960,1010,932,945
2004-02-01,TCS Infra,1054,1085,1026,1059
2004-03-01,TCS Infra,1019,1064,1001,1019
2004-04-01,TCS Infra,929,959,910,932
2004-05-01,TCS Infra,976,1024,955,996
2004-06-01,TCS Infra,1045,1082,1034,1052
2004-07-01,TCS Infra,972,1000,961,972
2004-08-01,TCS Infra,933,965,916,927
2004-09-01,TCS Infra,922,962,910,919
2004-10-01,TCS Infra,945,983,922,976
2004-11-01,TCS Infra,1007,1028,979,984
2004-12-01,TCS Infra,1009,1051,989,1021
2005-01-01,TCS Infra,1010,1045,991,1037
2005-02-01,TCS Infra,1087,1125,1058,1070
2005-03-01,TCS Infra,1030,1041,1007,1017
2005-04-01,TCS Infra,982,1021,954,981
2005-05-01,TCS Infra,1032,1080,1016,1054
2005-06-01,TCS Infra,1004,1023,988,996
2005-07-01,TCS Infra,1038,1078,1011,1022
2005-08-01,TCS Infra,977,989,949,976
2005-09-01,TCS Infra,1072,1084,1047,1070
2005-10-01,TCS Infra,1113,1159,1083,1087
2005-11-01,TCS Infra,1057,1076,1047,1074
2005-12-01,TCS Infra,1037,1069,1007,1037
2006-01-01,TCS Infra,1083,1093,1067,1084
2006-02-01,TCS Infra,1017,1046,990,1019
2006-03-01,TCS Infra,1140,1153,1111,1145
2006-04-01,TCS Infra,1018,1040,1007,1019
2006-05-01,TCS Infra,1144,1185,1128,1143
2006-06-01,TCS Infra,1054,1067,1043,1059
2006-07-01,TCS Infra,1073,1083,1044,1066
2006-08-01,TCS Infra,1056,1086,1045,1047
2006-09-01,TCS Infra,1045,1058,1017,1051
2006-10-01,TCS Infra,1090,1111,1064,1108
2006-11-01,TCS Infra,1079,1122,1051,1121
2006-12-01,TCS Infra,984,1034,956,1006
2007-01-01,TCS Infra,1126,1152,1099,1115
2007-02-01,TCS Infra,1118,1145,1102,1140
2007-03-01,TCS Infra,1104,1123,1093,1122
2007-04-01,TCS Infra,1182,1228,1168,1170
2007-05-01,TCS Infra,1168,1203,1142,1166
2007-06-01,TCS Infra,1125,1158,1100,1158
2007-07-01,TCS Infra,1087,1135,1068,1095
2007-08-01,TCS Infra,1071,1114,1053,1105
2007-09-01,TCS Infra,1028,1046,1013,1031
2007-10-01,TCS Infra,1088,1133,1065,1070
2007-11-01,TCS Infra,1165,1185,1141,1149
2007-12-01,TCS Infra,1023,1042,993,1000
2008-01-01,TCS Infra,1153,1187,1129,1177
2008-02-01,TCS Infra,1210,1235,1196,1227
2008-03-01,TCS Infra,1210,1257,1200,1232
2008-04-01,TCS Infra,1155,1196,1139,1190
2008-05-01,TCS Infra,1160,1184,1132,1167
2008-06-01,TCS Infra,1042,1077,1028,1053
2008-07-01,TCS Infra,1131,1172,1111,1134
2008-08-01,TCS Infra,1173,1216,1147,1169
2008-09-01,TCS Infra,1196,1215,1184,1192
2008-10-01,TCS Infra,1153,1170,1133,1167
2008-11-01,TCS Infra,1211,1244,1193,1217
2008-12-01,TCS Infra,1091,1111,1081,1111
2009-01-01,TCS Infra,1146,1156,1122,1155
2009-02-01,TCS Infra,1264,1277,1253,1269
2009-03-01,TCS Infra,1247,1280,1236,1242
2009-04-01,TCS Infra,1213,1235,1194,1201
2009-05-01,TCS Infra,1147,1192,1124,1191
2009-06-01,TCS Infra,1202,1237,1183,1225
2009-07-01,TCS Infra,1162,1179,1150,1164
2009-08-01,TCS Infra,1128,1176,1114,1170
2009-09-01,TCS Infra,1181,1198,1154,1177
2009-10-01,TCS Infra,1260,1285,1235,1254
2009-11-01,TCS Infra,1128,1149,1102,1148
2009-12-01,TCS Infra,1110,1122,1084,1107
2010-01-01,TCS Infra,1271,1282,1248,1272
2010-02-01,TCS Infra,1110,1145,1095,1144
2010-03-01,TCS Infra,1144,1183,1124,1145
2010-04-01,TCS Infra,1266,1278,1253,1263
2010-05-01,TCS Infra,1153,1190,1131,1136
2010-06-01,TCS Infra,1128,1162,1108,1122
2010-07-01,TCS Infra,1101,1151,1077,1147
2010-08-01,TCS Infra,1291,1320,1265,1269
2010-09-01,TCS Infra,1110,1156,1085,1090
2010-10-01,TCS Infra,1172,1212,1162,1186
2010-11-01,TCS Infra,1241,1262,1220,1242
2010-12-01,TCS Infra,1113,1132,1095,1104
2011-01-01,TCS Infra,1244,1283,1230,1281
2011-02-01,TCS Infra,1271,1294,1259,1291
2011-03-01,TCS Infra,1228,1264,1209,1240
2011-04-01,TCS Infra,1252,1294,1242,1287
2011-05-01,TCS Infra,1187,1214,1158,1190
2011-06-01,TCS Infra,1204,1247,1177,1232
2011-07-01,TCS Infra,1195,1210,1170,1177
2011-08-01,TCS Infra,1244,1264,1233,1243
2011-09-01,TCS Infra,1239,1269,1226,1250
2011-10-01,TCS Infra,1233,1250,1223,1229
2011-11-01,TCS Infra,1315,1365,1297,1303
2011-12-01,TCS Infra,1147,1162,1130,1136
2012-01-01,TCS Infra,1346,1372,1322,1336
2012-02-01,TCS Infra,1299,1320,1280,1320
2012-03-01,TCS Infra,1302,1326,1275,1323
2012-04-01,TCS Infra,1355,1378,1343,1356
2012-05-01,TCS Infra,1261,1275,1246,1275
2012-06-01,TCS Infra,1367,1381,1348,1375
2012-07-01,TCS Infra,1359,1391,1336,1338
2012-08-01,TCS Infra,1219,1230,1194,1229
2012-09-01,TCS Infra,1174,1220,1156,1184
2012-10-01,TCS Infra,1352,1396,1337,1355
2012-11-01,TCS Infra,1306,1344,1283,1300
2012-12-01,TCS Infra,1194,1236,1184,1205
2013-01-01,TCS Infra,1362,1385,1335,1347
2013-02-01,TCS Infra,1299,1309,1276,1283
2013-03-01,TCS Infra,1312,1323,1302,1317
2013-04-01,TCS Infra,1262,1310,1242,1304
2013-05-01,TCS Infra,1302,1325,1281,1286
2013-06-01,TCS Infra,1396,1425,1379,1411
2013-07-01,TCS Infra,1326,1344,1315,1323
2013-08-01,TCS Infra,1331,1367,1311,1315
2013-09-01,TCS Infra,1267,1303,1237,1289
2013-10-01,TCS Infra,1366,1413,1354,1373
2013-11-01,TCS Infra,1402,1447,1373,1395
2013-12-01,TCS Infra,1326,1358,1301,1322
2014-01-01,TCS Infra,1411,1444,1397,1435
2014-02-01,TCS Infra,1241,1273,1214,1241
2014-03-01,TCS Infra,1358,1404,1334,1392
2014-04-01,TCS Infra,1358,1370,1334,1354
2014-05-01,TCS Infra,1359,1373,1341,1345
2014-06-01,TCS Infra,1316,1350,1296,1329
2014-07-01,TCS Infra,1420,1453,1399,1424
2014-08-01,TCS Infra,1313,1326,1289,1312
2014-09-01,TCS Infra,1394,1442,1370,1417
2014-10-01,TCS Infra,1314,1359,1287,1337
2014-11-01,TCS Infra,1346,1382,1318,1361
2014-12-01,TCS Infra,1340,1369,1320,1353
2015-01-01,TCS Infra,1329,1368,1312,1337
2015-02-01,TCS Infra,1309,1355,1279,1287
2015-03-01,TCS Infra,1414,1455,1387,1419
2015-04-01,TCS Infra,1288,1332,1271,1326
2015-05-01,TCS Infra,1277,1312,1250,1302
2015-06-01,TCS Infra,1417,1442,1405,1417
2015-07-01,TCS Infra,1325,1337,1301,1322
2015-08-01,TCS Infra,1366,1383,1344,1355
2015-09-01,TCS Infra,1397,1431,1369,1415
2015-10-01,TCS Infra,1434,1481,1408,1420
2015-11-01,TCS Infra,1260,1294,1242,1283
2015-12-01,TCS Infra,1294,1334,1268,1283
2016-01-01,TCS Infra,1498,1541,1472,1536
2016-02-01,TCS Infra,1281,1302,1266,1267
2016-03-01,TCS Infra,1423,1449,1401,1428
2016-04-01,TCS Infra,1415,1428,1397,1413
2016-05-01,TCS Infra,1350,1393,1337,1371
2016-06-01,TCS Infra,1424,1445,1395,1405
2016-07-01,TCS Infra,1321,1355,1296,1352
2016-08-01,TCS Infra,1331,1342,1304,1328
2016-09-01,TCS Infra,1289,1318,1267,1294
2016-10-01,TCS Infra,1427,1443,1398,1413
2016-11-01,TCS Infra,1390,1400,1366,1393
2016-12-01,TCS Infra,1353,1381,1335,1352
2017-01-01,TCS Infra,1519,1565,1493,1539
2017-02-01,TCS Infra,1398,1416,1386,1415
2017-03-01,TCS Infra,1515,1533,1501,1502
2017-04-01,TCS Infra,1455,1474,1433,1442
2017-05-01,TCS Infra,1348,1397,1322,1385
2017-06-01,TCS Infra,1445,1484,1429,1462
2017-07-01,TCS Infra,1327,1362,1304,1320
2017-08-01,TCS Infra,1505,1536,1495,1524
2017-09-01,TCS Infra,1501,1546,1491,1534
2017-10-01,TCS Infra,1514,1546,1491,1514
2017-11-01,TCS Infra,1396,1415,1368,1369
2017-12-01,TCS Infra,1478,1522,1448,1456
2018-01-01,TCS Infra,1403,1439,1389,1412
2018-02-01,TCS Infra,1449,1493,1436,1439
2018-03-01,TCS Infra,1522,1546,1493,1522
2018-04-01,TCS Infra,1445,1463,1418,1446
2018-05-01,TCS Infra,1559,1593,1534,1560
2018-06-01,TCS Infra,1361,1380,1339,1354
2018-07-01,TCS Infra,1542,1586,1520,1585
2018-08-01,TCS Infra,1564,1596,1543,1568
2018-09-01,TCS Infra,1423,1472,1400,1447
2018-10-01,TCS Infra,1441,1480,1424,1428
2018-11-01,TCS Infra,1382,1410,1357,1396
2018-12-01,TCS Infra,1410,1426,1392,1411
2019-01-01,TCS Infra,1555,1601,1527,1552
2019-02-01,TCS Infra,1399,1412,1387,1388
2019-03-01,TCS Infra,1431,1474,1414,1468
2019-04-01,TCS Infra,1479,1529,1465,1497
2019-05-01,TCS Infra,1408,1453,1382,1412
2019-06-01,TCS Infra,1460,1499,1440,1476
2019-07-01,TCS Infra,1394,1410,1365,1408
2019-08-01,TCS Infra,1431,1468,1413,1436
2019-09-01,TCS Infra,1601,1651,1577,1634
2019-10-01,TCS Infra,1385,1398,1356,1387
2019-11-01,TCS Infra,1576,1624,1559,1615
2019-12-01,TCS Infra,1571,1599,1561,1591
2020-01-01,TCS Infra,1498,1513,1480,1506
2020-02-01,TCS Infra,1608,1645,1579,1600
2020-03-01,TCS Infra,1442,1455,1424,1438
2020-04-01,TCS Infra,1584,1609,1557,1563
2020-05-01,TCS Infra,1559,1573,1542,1545
2020-06-01,TCS Infra,1574,1615,1558,1614
2020-07-01,TCS Infra,1603,1615,1589,1600
2020-08-01,TCS Infra,1618,1659,1592,1613
2020-09-01,TCS Infra,1412,1443,1389,1429
2020-10-01,TCS Infra,1483,1505,1467,1477
2020-11-01,TCS Infra,1618,1637,1602,1629
2020-12-01,TCS Infra,1643,1668,1625,1642
2021-01-01,TCS Infra,1511,1544,1493,1513
2021-02-01,TCS Infra,1644,1684,1623,1660
2021-03-01,TCS Infra,1549,1578,1520,1573
2021-04-01,TCS Infra,1676,1706,1653,1697
2021-05-01,TCS Infra,1474,1498,1454,1495
2021-06-01,TCS Infra,1668,1702,1653,1672
2021-07-01,TCS Infra,1441,1488,1429,1467
2021-08-01,TCS Infra,1478,1508,1449,1481
2021-09-01,TCS Infra,1596,1613,1582,1601
2021-10-01,TCS Infra,1607,1656,1587,1599
2021-11-01,TCS Infra,1463,1502,1444,1453
2021-12-01,TCS Infra,1597,1625,1569,1622
2022-01-01,TCS Infra,1527,1568,1513,1528
2022-02-01,TCS Infra,1463,1506,1440,1470
2022-03-01,TCS Infra,1564,1600,1551,1594
2022-04-01,TCS Infra,1472,1487,1457,1461
2022-05-01,TCS Infra,1632,1656,1617,1627
2022-06-01,TCS Infra,1497,1514,1478,1509
2022-07-01,TCS Infra,1552,1587,1523,1557
2022-08-01,TCS Infra,1687,1722,1672,1710
2022-09-01,TCS Infra,1565,1590,1539,1582
2022-10-01,TCS Infra,1539,1588,1524,1562
2022-11-01,TCS Infra,1600,1627,1574,1601
2022-12-01,TCS Infra,1483,1530,1471,1507
2023-01-01,TCS Infra,1661,1698,1633,1647
2023-02-01,TCS Infra,1581,1595,1571,1574
2023-03-01,TCS Infra,1586,1634,1573,1597
2023-04-01,TCS Infra,1730,1742,1705,1716
2023-05-01,TCS Infra,1571,1588,1551,1584
2023-06-01,TCS Infra,1598,1610,1580,1593
2023-07-01,TCS Infra,1557,1570,1538,1558
2023-08-01,TCS Infra,1605,1635,1584,1632
2023-09-01,TCS Infra,1605,1628,1592,1592
2023-10-01,TCS Infra,1648,1658,1625,1644
2023-11-01,TCS Infra,1632,1671,1605,1666
2023-12-01,TCS Infra,1564,1614,1535,1557
2024-01-01,TCS Infra,1621,1645,1601,1643
2024-02-01,TCS Infra,1539,1574,1526,1572
2024-03-01,TCS Infra,1521,1535,1500,1522
2024-04-01,TCS Infra,1613,1662,1591,1597
2024-05-01,TCS Infra,1762,1782,1750,1775
2024-06-01,TCS Infra,1694,1729,1669,1679
2024-07-01,TCS Infra,1783,1808,1767,1796
2024-08-01,TCS Infra,1756,1774,1740,1746
2024-09-01,TCS Infra,1566,1586,1550,1564
2024-10-01,TCS Infra,1589,1602,1573,1599
2024-11-01,TCS Infra,1717,1730,1700,1700
2024-12-01,TCS Infra,1715,1726,1700,1724
2025-01-01,TCS Infra,1575,1593,1549,1550
2025-02-01,TCS Infra,1736,1779,1717,1717
2025-03-01,TCS Infra,1733,1782,1720,1771
2025-04-01,TCS Infra,1774,1802,1749,1753
2025-05-01,TCS Infra,1707,1741,1697,1728
2025-06-01,TCS Infra,1752,1768,1732,1737
2025-07-01,TCS Infra,1652,1667,1628,1664
2025-08-01,TCS Infra,1551,1575,1524,1558
2025-09-01,TCS Infra,1645,1659,1630,1630
2025-10-01,TCS Infra,1609,1637,1596,1629
2025-11-01,TCS Infra,1579,1606,1560,1576
2025-12-01,TCS Infra,1586,1627,1559,1573
2026-01-01,TCS Infra,1634,1645,1607,1617
2026-02-01,TCS Infra,1764,1787,1750,1786
2026-03-01,TCS Infra,1817,1853,1807,1848
2026-04-01,TCS Infra,1832,1863,1811,1822
2026-05-01,TCS Infra,1630,1640,1604,1631
2026-06-01,TCS Infra,1600,1610,1575,1594
2026-07-01,TCS Infra,1594,1636,1583,1597
2026-08-01,TCS Infra,1672,1684,1649,1663
2026-09-01,TCS Infra,1763,1806,1734,1801
2026-10-01,TCS Infra,1593,1633,1576,1606
2026-11-01,TCS Infra,1696,1733,1684,1703
2026-12-01,TCS Infra,1803,1824,1773,1780
2027-01-01,TCS Infra,1849,1863,1822,1837
2027-02-01,TCS Infra,1640,1650,1610,1618
2027-03-01,TCS Infra,1655,1684,1641,1643
2027-04-01,TCS Infra,1700,1716,1671,1715
2027-05-01,TCS Infra,1762,1785,1742,1748
2027-06-01,TCS Infra,1722,1748,1700,1719
2027-07-01,TCS Infra,1610,1626,1598,1611
2027-08-01,TCS Infra,1884,1916,1854,1912
2027-09-01,TCS Infra,1670,1704,1649,1697
2027-10-01,TCS Infra,1610,1647,1590,1627
2027-11-01,TCS Infra,1826,1845,1803,1808
2027-12-01,TCS Infra,1766,1806,1746,1756
2028-01-01,TCS Infra,1703,1747,1691,1694
2028-02-01,TCS Infra,1671,1693,1651,1689
2028-03-01,TCS Infra,1829,1856,1806,1842
2028-04-01,TCS Infra,1730,1768,1710,1746
2028-05-01,TCS Infra,1667,1697,1648,1652
2028-06-01,TCS Infra,1742,1776,1727,1749
2028-07-01,TCS Infra,1928,1947,1915,1937
2028-08-01,TCS Infra,1911,1933,1889,1907
2028-09-01,TCS Infra,1795,1815,1777,1793
2028-10-01,TCS Infra,1809,1836,1797,1819
2028-11-01,TCS Infra,1753,1792,1729,1766
2028-12-01,TCS Infra,1730,1751,1711,1745
2029-01-01,TCS Infra,1926,1962,1916,1943
2029-02-01,TCS Infra,1944,1981,1921,1949
2029-03-01,TCS Infra,1916,1954,1888,1909
2029-04-01,TCS Infra,1944,1967,1934,1960
2029-05-01,TCS Infra,1685,1711,1674,1710
2029-06-01,TCS Infra,1710,1754,1682,1730
2029-07-01,TCS Infra,1842,1861,1827,1856
2029-08-01,TCS Infra,1744,1791,1715,1731
2029-09-01,TCS Infra,1719,1741,1701,1710
2029-10-01,TCS Infra,1942,1972,1912,1915
2029-11-01,TCS Infra,1730,1752,1713,1752
2029-12-01,TCS Infra,1904,1949,1874,1928
2030-01-01,TCS Infra,1793,1815,1763,1801
2030-02-01,TCS Infra,1837,1879,1825,1871
2030-03-01,TCS Infra,1740,1755,1719,1750
2030-04-01,TCS Infra,1925,1935,1902,1921
2030-05-01,TCS Infra,1930,1952,1905,1922
2030-06-01,TCS Infra,1927,1975,1900,1914
2030-07-01,TCS Infra,1797,1820,1783,1805
2030-08-01,TCS Infra,1961,1997,1939,1951
2030-09-01,TCS Infra,1926,1971,1898,1933
2030-10-01,TCS Infra,1935,1965,1914,1917
2030-11-01,TCS Infra,1998,2030,1970,1980
2030-12-01,TCS Infra,1774,1787,1753,1784
